shape_id,method,mask_type,k_gmm,lam,k_pca,iou,sdf_error,solve_time_s
monitor_0396,gmm_completion,halfspace,1,1.0,64,0.8145025295109612,0.026168197,0.017897582991281524
monitor_0397,gmm_completion,halfspace,1,1.0,64,0.5963345864661654,0.06632446,0.021514708001632243
monitor_0398,gmm_completion,halfspace,1,1.0,64,0.813563115487914,0.030496709,0.015239541011396796
monitor_0399,gmm_completion,halfspace,1,1.0,64,0.6743215031315241,0.06739094,0.017260292021092027
monitor_0400,gmm_completion,halfspace,1,1.0,64,0.6435439560439561,0.04876241,0.01859933399828151
monitor_0401,gmm_completion,halfspace,1,1.0,64,0.5239234449760766,0.03423911,0.0192183340259362
monitor_0402,gmm_completion,halfspace,1,1.0,64,0.4026548672566372,0.053811308,0.022181499982252717
monitor_0403,gmm_completion,halfspace,1,1.0,64,0.517948717948718,0.054636106,0.014242540986742824
monitor_0404,gmm_completion,halfspace,1,1.0,64,0.04706820901475867,0.058125276,0.019259666005382314
monitor_0405,gmm_completion,halfspace,1,1.0,64,0.7258306100217865,0.07985946,0.02223658302682452
monitor_0406,gmm_completion,halfspace,1,1.0,64,0.6229849193967759,0.035027016,0.01839941699290648
monitor_0407,gmm_completion,halfspace,1,1.0,64,0.11331133113311331,0.044989165,0.026598583004670218
monitor_0408,gmm_completion,halfspace,1,1.0,64,0.47866256049274086,0.05868414,0.020346874982351437
monitor_0409,gmm_completion,halfspace,1,1.0,64,0.7208452908948604,0.032667816,0.014808374980930239
monitor_0410,gmm_completion,halfspace,1,1.0,64,0.2397935241670577,0.037379142,0.02631583300535567
monitor_0411,gmm_completion,halfspace,1,1.0,64,0.5163352272727273,0.029820943,0.014375208003912121
monitor_0412,gmm_completion,halfspace,1,1.0,64,0.0,0.10450707,0.021133208996616304
monitor_0413,gmm_completion,halfspace,1,1.0,64,0.061925199264255056,0.06127805,0.018536958988988772
monitor_0414,gmm_completion,halfspace,1,1.0,64,0.6692869174620999,0.04774305,0.015481540991459042
monitor_0415,gmm_completion,halfspace,1,1.0,64,0.16770186335403728,0.050376125,0.0209551659936551
monitor_0416,gmm_completion,halfspace,1,1.0,64,0.06857142857142857,0.046020582,0.015045667008962482
monitor_0417,gmm_completion,halfspace,1,1.0,64,0.3808695652173913,0.09650174,0.023408458015182987
monitor_0418,gmm_completion,halfspace,1,1.0,64,0.5482942868886149,0.0317671,0.017512916994746774
monitor_0419,gmm_completion,halfspace,1,1.0,64,0.3890473474044495,0.045869384,0.028804625006159768
monitor_0420,gmm_completion,halfspace,1,1.0,64,0.006108735491753207,0.034090836,0.02227808299358003
monitor_0421,gmm_completion,halfspace,1,1.0,64,0.4730565371024735,0.05033256,0.021084042004076764
monitor_0422,gmm_completion,halfspace,1,1.0,64,0.6261954261954262,0.090344734,0.015159333008341491
monitor_0423,gmm_completion,halfspace,1,1.0,64,0.024830699774266364,0.049150128,0.029278250003699213
monitor_0424,gmm_completion,halfspace,1,1.0,64,0.5542239111370945,0.04652342,0.019531958998413756
monitor_0425,gmm_completion,halfspace,1,1.0,64,0.5504021447721179,0.037921395,0.013869375019567087
monitor_0426,gmm_completion,halfspace,1,1.0,64,0.3077753779697624,0.037463058,0.027775708003900945
monitor_0427,gmm_completion,halfspace,1,1.0,64,0.0,0.019818777,0.021880999993300065
monitor_0428,gmm_completion,halfspace,1,1.0,64,0.0,0.0581706,0.015132124972296879
monitor_0429,gmm_completion,halfspace,1,1.0,64,0.5560026827632462,0.027872046,0.01486125000519678
monitor_0430,gmm_completion,halfspace,1,1.0,64,0.2547452547452547,0.057783477,0.02875258299172856
monitor_0431,gmm_completion,halfspace,1,1.0,64,0.0,0.02910544,0.02780937499483116
monitor_0432,gmm_completion,halfspace,1,1.0,64,0.22401847575057737,0.048970155,0.023396500007947907
monitor_0433,gmm_completion,halfspace,1,1.0,64,0.05026109660574413,0.091144495,0.027733666996937245
monitor_0434,gmm_completion,halfspace,1,1.0,64,0.4084451460142068,0.037913244,0.02502179201110266
monitor_0435,gmm_completion,halfspace,1,1.0,64,0.5293652363061103,0.024035934,0.013938832998974249
monitor_0436,gmm_completion,halfspace,1,1.0,64,0.22486689633573442,0.04043749,0.020834916009334847
monitor_0437,gmm_completion,halfspace,1,1.0,64,0.7663332098308016,0.038216177,0.020455458987271413
monitor_0438,gmm_completion,halfspace,1,1.0,64,0.3223981900452489,0.023335047,0.027977875026408583
monitor_0439,gmm_completion,halfspace,1,1.0,64,0.06680584551148225,0.030674031,0.021019957988755777
monitor_0440,gmm_completion,halfspace,1,1.0,64,0.6147123706091974,0.05882134,0.018773124989820644
monitor_0441,gmm_completion,halfspace,1,1.0,64,0.8588439985538684,0.038589567,0.014503249985864386
monitor_0442,gmm_completion,halfspace,1,1.0,64,0.11082307193778354,0.039650306,0.02082791700377129
monitor_0443,gmm_completion,halfspace,1,1.0,64,0.15248796147672553,0.055725846,0.027624125010333955
monitor_0444,gmm_completion,halfspace,1,1.0,64,0.31211180124223603,0.044912912,0.026592915994115174
monitor_0445,gmm_completion,halfspace,1,1.0,64,0.0,0.047574133,0.02795345798949711
monitor_0446,gmm_completion,halfspace,1,1.0,64,0.4669499527856468,0.03532358,0.017662708007264882
monitor_0447,gmm_completion,halfspace,1,1.0,64,0.42463235294117646,0.028762192,0.023098124976968393
monitor_0448,gmm_completion,halfspace,1,1.0,64,0.632957820277705,0.038331356,0.01399712500278838
monitor_0449,gmm_completion,halfspace,1,1.0,64,0.3286179523712599,0.123730145,0.018343583011301234
monitor_0450,gmm_completion,halfspace,1,1.0,64,0.5841816758026624,0.03401331,0.023548083001514897
monitor_0451,gmm_completion,halfspace,1,1.0,64,0.5907423580786026,0.021154331,0.01352104201214388
monitor_0452,gmm_completion,halfspace,1,1.0,64,0.7659343794579173,0.073620215,0.02291675002197735
monitor_0453,gmm_completion,halfspace,1,1.0,64,0.036734693877551024,0.032221213,0.02846208299160935
monitor_0454,gmm_completion,halfspace,1,1.0,64,0.22948438634713145,0.046214562,0.021471584012033418
monitor_0455,gmm_completion,halfspace,1,1.0,64,0.0,0.07620665,0.018481124978279695
monitor_0456,gmm_completion,halfspace,1,1.0,64,0.6141505553270259,0.056717336,0.02442466700449586
monitor_0457,gmm_completion,halfspace,1,1.0,64,0.12703190848886214,0.06948549,0.021787832985864952
monitor_0458,gmm_completion,halfspace,1,1.0,64,0.4350021958717611,0.06315931,0.021748917002696544
monitor_0459,gmm_completion,halfspace,1,1.0,64,0.24053581828771112,0.060488213,0.02267679199576378
monitor_0460,gmm_completion,halfspace,1,1.0,64,0.0,0.031694077,0.02133583399700001
monitor_0461,gmm_completion,halfspace,1,1.0,64,0.0,0.05199964,0.024878541997168213
monitor_0462,gmm_completion,halfspace,1,1.0,64,0.3193843193843194,0.043754302,0.014869750011712313
monitor_0463,gmm_completion,halfspace,1,1.0,64,0.5551354757403907,0.027601006,0.017744500015396625
monitor_0464,gmm_completion,halfspace,1,1.0,64,0.0,0.038925916,0.021588000003248453
monitor_0465,gmm_completion,halfspace,1,1.0,64,0.6994722710860105,0.044349536,0.029187999985879287
monitor_0466,gmm_completion,halfspace,1,1.0,64,0.0853271836264053,0.16642866,0.019890166993718594
monitor_0467,gmm_completion,halfspace,1,1.0,64,0.0,0.06106606,0.014227624982595444
monitor_0468,gmm_completion,halfspace,1,1.0,64,0.028578013367135283,0.07346186,0.014417541009606794
monitor_0469,gmm_completion,halfspace,1,1.0,64,0.27661633759194737,0.054568212,0.016661041998304427
monitor_0470,gmm_completion,halfspace,1,1.0,64,0.20101137800252844,0.06381097,0.024798458005534485
monitor_0471,gmm_completion,halfspace,1,1.0,64,0.6200345423143351,0.03747338,0.01990954199573025
monitor_0472,gmm_completion,halfspace,1,1.0,64,0.7478196128483301,0.042435236,0.020662791997892782
monitor_0473,gmm_completion,halfspace,1,1.0,64,0.005934718100890208,0.03917924,0.028367958002490923
monitor_0474,gmm_completion,halfspace,1,1.0,64,0.4757648676521141,0.03035993,0.018244082981254905
monitor_0475,gmm_completion,halfspace,1,1.0,64,0.2105820105820106,0.024130475,0.027446874999441206
monitor_0476,gmm_completion,halfspace,1,1.0,64,0.4437869822485207,0.08794781,0.014697292004711926
monitor_0477,gmm_completion,halfspace,1,1.0,64,0.0,0.04054385,0.027852458006236702
monitor_0478,gmm_completion,halfspace,1,1.0,64,0.5863104172921044,0.07274202,0.01927537500159815
monitor_0479,gmm_completion,halfspace,1,1.0,64,0.5131322957198443,0.027128216,0.018410958000458777
monitor_0480,gmm_completion,halfspace,1,1.0,64,0.0,0.07607842,0.020036333007737994
monitor_0396,gmm_completion,block,1,1.0,64,0.9030470914127424,0.014151173,0.03408066602423787
monitor_0397,gmm_completion,block,1,1.0,64,0.7943078913324709,0.0113217225,0.03424295800505206
monitor_0398,gmm_completion,block,1,1.0,64,0.8288707799767171,0.0100796055,0.03292766597587615
monitor_0399,gmm_completion,block,1,1.0,64,1.0,0.012294883,0.032691666012397036
monitor_0400,gmm_completion,block,1,1.0,64,0.7209944751381215,0.0150474645,0.033633833983913064
monitor_0401,gmm_completion,block,1,1.0,64,0.7725245316681534,0.0065135914,0.033110582997323945
monitor_0402,gmm_completion,block,1,1.0,64,0.4562607204116638,0.022838758,0.033495084004243836
monitor_0403,gmm_completion,block,1,1.0,64,0.7932674716428832,0.01748679,0.03274299998884089
monitor_0404,gmm_completion,block,1,1.0,64,0.3134057971014493,0.012837767,0.03324454199173488
monitor_0405,gmm_completion,block,1,1.0,64,0.7847730600292826,0.03418407,0.03429125002003275
monitor_0406,gmm_completion,block,1,1.0,64,1.0,0.015603201,0.0330585420015268
monitor_0407,gmm_completion,block,1,1.0,64,1.0,0.003998467,0.03525195800466463
monitor_0408,gmm_completion,block,1,1.0,64,0.8490338164251208,0.013851942,0.03302791700116359
monitor_0409,gmm_completion,block,1,1.0,64,0.5275482093663911,0.018921275,0.03253916700487025
monitor_0410,gmm_completion,block,1,1.0,64,1.0,0.00853476,0.03515620797406882
monitor_0411,gmm_completion,block,1,1.0,64,0.8288939051918736,0.014330768,0.03322325000772253
monitor_0412,gmm_completion,block,1,1.0,64,0.08536585365853659,0.0422569,0.03428941700258292
monitor_0413,gmm_completion,block,1,1.0,64,0.508833922261484,0.017899804,0.03326337502221577
monitor_0414,gmm_completion,block,1,1.0,64,0.93234100135318,0.010300173,0.03241924999747425
monitor_0415,gmm_completion,block,1,1.0,64,0.39386503067484663,0.017701585,0.03278516701539047
monitor_0416,gmm_completion,block,1,1.0,64,0.13860716700473294,0.019885309,0.03223429201170802
monitor_0417,gmm_completion,block,1,1.0,64,0.3389830508474576,0.01189806,0.034860167012084275
monitor_0418,gmm_completion,block,1,1.0,64,0.7194805194805195,0.015672626,0.033218458003830165
monitor_0419,gmm_completion,block,1,1.0,64,0.7461139896373057,0.007212493,0.034546292008599266
monitor_0420,gmm_completion,block,1,1.0,64,0.6071428571428571,0.009111661,0.03371166699798778
monitor_0421,gmm_completion,block,1,1.0,64,0.6263736263736264,0.024561543,0.034163250005804
monitor_0422,gmm_completion,block,1,1.0,64,0.6210526315789474,0.047323663,0.03262229199754074
monitor_0423,gmm_completion,block,1,1.0,64,1.0,0.019038526,0.03404358300031163
monitor_0424,gmm_completion,block,1,1.0,64,0.8590243902439024,0.02337835,0.034602540981722996
monitor_0425,gmm_completion,block,1,1.0,64,0.8350810295519543,0.00660671,0.03230074999737553
monitor_0426,gmm_completion,block,1,1.0,64,0.0,0.0055833077,0.03475937500479631
monitor_0427,gmm_completion,block,1,1.0,64,0.1,0.013910817,0.03357149998191744
monitor_0428,gmm_completion,block,1,1.0,64,0.21380090497737556,0.02153003,0.03223924999474548
monitor_0429,gmm_completion,block,1,1.0,64,0.7484545886828341,0.009748187,0.03288454099674709
monitor_0430,gmm_completion,block,1,1.0,64,1.0,0.0074179913,0.033310583006823435
monitor_0431,gmm_completion,block,1,1.0,64,0.176056338028169,0.00800424,0.0342203329782933
monitor_0432,gmm_completion,block,1,1.0,64,0.11510791366906475,0.018385233,0.03523629199480638
monitor_0433,gmm_completion,block,1,1.0,64,0.36486486486486486,0.03717636,0.036545832990668714
monitor_0434,gmm_completion,block,1,1.0,64,0.8783359497645212,0.016502481,0.036370874993735924
monitor_0435,gmm_completion,block,1,1.0,64,0.5704626334519572,0.016092438,0.032566083973506466
monitor_0436,gmm_completion,block,1,1.0,64,0.20580474934036938,0.02283907,0.03526654202141799
monitor_0437,gmm_completion,block,1,1.0,64,0.7819383259911894,0.020492718,0.0348881249956321
monitor_0438,gmm_completion,block,1,1.0,64,1.0,0.0058122333,0.035638750006910414
monitor_0439,gmm_completion,block,1,1.0,64,0.16122004357298475,0.015639082,0.03462662498350255
monitor_0440,gmm_completion,block,1,1.0,64,0.8987129266927812,0.015192895,0.03319183399435133
monitor_0441,gmm_completion,block,1,1.0,64,0.998191830360812,0.025211636,0.03314079099800438
monitor_0442,gmm_completion,block,1,1.0,64,0.2,0.016415767,0.0350194999773521
monitor_0443,gmm_completion,block,1,1.0,64,0.8231441048034934,0.018008227,0.03615866700420156
monitor_0444,gmm_completion,block,1,1.0,64,1.0,0.005973616,0.03545016699354164
monitor_0445,gmm_completion,block,1,1.0,64,0.7532133676092545,0.0073361434,0.035314208013005555
monitor_0446,gmm_completion,block,1,1.0,64,0.7293436293436294,0.026562462,0.03426179100642912
monitor_0447,gmm_completion,block,1,1.0,64,1.0,0.009513466,0.03472595801576972
monitor_0448,gmm_completion,block,1,1.0,64,0.7347319347319348,0.010482579,0.03292316698934883
monitor_0449,gmm_completion,block,1,1.0,64,0.8539325842696629,0.027752697,0.034210832993267104
monitor_0450,gmm_completion,block,1,1.0,64,1.0,0.0029282845,0.035197165998397395
monitor_0451,gmm_completion,block,1,1.0,64,0.8877163360067539,0.0065589235,0.03283687500515953
monitor_0452,gmm_completion,block,1,1.0,64,0.9056203605514316,0.027748788,0.03474966701469384
monitor_0453,gmm_completion,block,1,1.0,64,1.0,0.003963429,0.03521170897874981
monitor_0454,gmm_completion,block,1,1.0,64,0.8085539714867617,0.008538578,0.0342296669841744
monitor_0455,gmm_completion,block,1,1.0,64,0.0,0.016718067,0.03326429199660197
monitor_0456,gmm_completion,block,1,1.0,64,0.7463026166097838,0.03393017,0.03534895897610113
monitor_0457,gmm_completion,block,1,1.0,64,0.875,0.00952519,0.034095624985639006
monitor_0458,gmm_completion,block,1,1.0,64,0.7294117647058823,0.03749918,0.034355459007201716
monitor_0459,gmm_completion,block,1,1.0,64,0.5366795366795367,0.007570906,0.03517750001628883
monitor_0460,gmm_completion,block,1,1.0,64,1.0,0.008691824,0.033910041995113716
monitor_0461,gmm_completion,block,1,1.0,64,1.0,0.0050158943,0.03472770799999125
monitor_0462,gmm_completion,block,1,1.0,64,0.6496296296296297,0.018436182,0.03432779197464697
monitor_0463,gmm_completion,block,1,1.0,64,0.4010416666666667,0.020933282,0.03422508400399238
monitor_0464,gmm_completion,block,1,1.0,64,0.0,0.010907696,0.03431999997701496
monitor_0465,gmm_completion,block,1,1.0,64,1.0,0.021693302,0.03392679197713733
monitor_0466,gmm_completion,block,1,1.0,64,0.4357625845229151,0.042192023,0.034212667000247166
monitor_0467,gmm_completion,block,1,1.0,64,0.006622516556291391,0.008905369,0.032384042016929016
monitor_0468,gmm_completion,block,1,1.0,64,0.5036057692307693,0.0294569,0.032184042007429525
monitor_0469,gmm_completion,block,1,1.0,64,0.29842061512884455,0.031418495,0.03362254099920392
monitor_0470,gmm_completion,block,1,1.0,64,1.0,0.013706688,0.03516308299731463
monitor_0471,gmm_completion,block,1,1.0,64,0.5677966101694916,0.016716877,0.033515334012918174
monitor_0472,gmm_completion,block,1,1.0,64,0.83,0.030035943,0.03371783398324624
monitor_0473,gmm_completion,block,1,1.0,64,1.0,0.022923563,0.0352349589811638
monitor_0474,gmm_completion,block,1,1.0,64,0.6028594122319301,0.013313731,0.032265208021271974
monitor_0475,gmm_completion,block,1,1.0,64,0.0,0.008435092,0.034409542015055194
monitor_0476,gmm_completion,block,1,1.0,64,0.10372340425531915,0.028769026,0.03173674998106435
monitor_0477,gmm_completion,block,1,1.0,64,0.32075471698113206,0.008325476,0.03375108298496343
monitor_0478,gmm_completion,block,1,1.0,64,1.0,0.008323725,0.03310800000326708
monitor_0479,gmm_completion,block,1,1.0,64,0.6556291390728477,0.018836727,0.03210345798288472
monitor_0480,gmm_completion,block,1,1.0,64,0.16279069767441862,0.008802074,0.03444237500661984
monitor_0396,gmm_completion,halfspace,2,1.0,64,0.7498062015503876,0.046470847,0.023326208000071347
monitor_0397,gmm_completion,halfspace,2,1.0,64,0.5635851712810886,0.11424377,0.03349500001058914
monitor_0398,gmm_completion,halfspace,2,1.0,64,0.7382417582417582,0.066857405,0.022565666993614286
monitor_0399,gmm_completion,halfspace,2,1.0,64,0.25277777777777777,0.1351642,0.025670417002402246
monitor_0400,gmm_completion,halfspace,2,1.0,64,0.5155124653739612,0.05109863,0.02919241599738598
monitor_0401,gmm_completion,halfspace,2,1.0,64,0.45064377682403434,0.03641432,0.02986062498530373
monitor_0402,gmm_completion,halfspace,2,1.0,64,0.009036144578313253,0.11994853,0.03438783300225623
monitor_0403,gmm_completion,halfspace,2,1.0,64,0.4494067237969677,0.09373041,0.02213262501754798
monitor_0404,gmm_completion,halfspace,2,1.0,64,0.23592884222805482,0.18195969,0.028766291012289003
monitor_0405,gmm_completion,halfspace,2,1.0,64,0.6944526846633047,0.08335141,0.03578487498452887
monitor_0406,gmm_completion,halfspace,2,1.0,64,0.5221606648199446,0.034095474,0.028064999991329387
monitor_0407,gmm_completion,halfspace,2,1.0,64,0.03308823529411765,0.04569713,0.042693666997365654
monitor_0408,gmm_completion,halfspace,2,1.0,64,0.3149972632731253,0.07158425,0.031948374991770834
monitor_0409,gmm_completion,halfspace,2,1.0,64,0.7459265396299365,0.037476525,0.022999249980784953
monitor_0410,gmm_completion,halfspace,2,1.0,64,0.40567685589519653,0.039164156,0.04325554199749604
monitor_0411,gmm_completion,halfspace,2,1.0,64,0.5971669980119284,0.08956126,0.021637458994518965
monitor_0412,gmm_completion,halfspace,2,1.0,64,0.197017493547462,0.060730748,0.03434641598141752
monitor_0413,gmm_completion,halfspace,2,1.0,64,0.07138607971445568,0.06450346,0.029340165987377986
monitor_0414,gmm_completion,halfspace,2,1.0,64,0.6744288224956063,0.04082098,0.02393529101391323
monitor_0415,gmm_completion,halfspace,2,1.0,64,0.26663405088062625,0.072699636,0.031952082994394004
monitor_0416,gmm_completion,halfspace,2,1.0,64,0.028018129377832716,0.060318355,0.023509584018029273
monitor_0417,gmm_completion,halfspace,2,1.0,64,0.21153846153846154,0.13780679,0.037183583015576005
monitor_0418,gmm_completion,halfspace,2,1.0,64,0.31338320864505403,0.07071213,0.02788579199113883
monitor_0419,gmm_completion,halfspace,2,1.0,64,0.45010615711252655,0.044150073,0.04550529099651612
monitor_0420,gmm_completion,halfspace,2,1.0,64,0.14987864077669902,0.027747856,0.036004249996040016
monitor_0421,gmm_completion,halfspace,2,1.0,64,0.3703533731069298,0.061101057,0.03318800000124611
monitor_0422,gmm_completion,halfspace,2,1.0,64,0.6639593908629442,0.1022783,0.0229283339867834
monitor_0423,gmm_completion,halfspace,2,1.0,64,0.3747252747252747,0.027281674,0.04478900000685826
monitor_0424,gmm_completion,halfspace,2,1.0,64,0.5967135496448962,0.0452181,0.031154666998190805
monitor_0425,gmm_completion,halfspace,2,1.0,64,0.45771554091158706,0.03299612,0.0232573339890223
monitor_0426,gmm_completion,halfspace,2,1.0,64,0.15789473684210525,0.065287456,0.0460601249942556
monitor_0427,gmm_completion,halfspace,2,1.0,64,0.0,0.05398724,0.033428499998990446
monitor_0428,gmm_completion,halfspace,2,1.0,64,0.1860986547085202,0.068582326,0.023002166009973735
monitor_0429,gmm_completion,halfspace,2,1.0,64,0.4736249296039046,0.046644956,0.022661333001451567
monitor_0430,gmm_completion,halfspace,2,1.0,64,0.32917705735660846,0.07377402,0.04626979198656045
monitor_0431,gmm_completion,halfspace,2,1.0,64,0.0,0.098375864,0.04481629197834991
monitor_0432,gmm_completion,halfspace,2,1.0,64,0.24983860555196902,0.05679622,0.036631208000471815
monitor_0433,gmm_completion,halfspace,2,1.0,64,0.03129074315514994,0.088619955,0.04249091699603014
monitor_0434,gmm_completion,halfspace,2,1.0,64,0.23727015558698727,0.03704289,0.03874399999040179
monitor_0435,gmm_completion,halfspace,2,1.0,64,0.5546585206196815,0.05734919,0.02132449997588992
monitor_0436,gmm_completion,halfspace,2,1.0,64,0.30228196311347294,0.05227851,0.0325314580113627
monitor_0437,gmm_completion,halfspace,2,1.0,64,0.6506715882292627,0.13359603,0.031069583987118676
monitor_0438,gmm_completion,halfspace,2,1.0,64,0.21382428940568476,0.058402877,0.04375800001434982
monitor_0439,gmm_completion,halfspace,2,1.0,64,0.29190101237345334,0.07701196,0.03331125000840984
monitor_0440,gmm_completion,halfspace,2,1.0,64,0.5360411400679858,0.049052548,0.03020550002111122
monitor_0441,gmm_completion,halfspace,2,1.0,64,0.7984311762006092,0.05621113,0.022146458009956405
monitor_0442,gmm_completion,halfspace,2,1.0,64,0.08848405985686401,0.07400759,0.032500999979674816
monitor_0443,gmm_completion,halfspace,2,1.0,64,0.37898089171974525,0.075560026,0.04390820799744688
monitor_0444,gmm_completion,halfspace,2,1.0,64,0.2465277777777778,0.055695385,0.042105000000447035
monitor_0445,gmm_completion,halfspace,2,1.0,64,0.0,0.075919695,0.04505395900923759
monitor_0446,gmm_completion,halfspace,2,1.0,64,0.3133443944062574,0.061428495,0.05701124999905005
monitor_0447,gmm_completion,halfspace,2,1.0,64,0.2411636759108211,0.15525614,0.04157058399869129
monitor_0448,gmm_completion,halfspace,2,1.0,64,0.7596630327056492,0.04644031,0.022352667001541704
monitor_0449,gmm_completion,halfspace,2,1.0,64,0.15168243953732913,0.2087344,0.02884783298941329
monitor_0450,gmm_completion,halfspace,2,1.0,64,0.34054054054054056,0.040992692,0.037489165988517925
monitor_0451,gmm_completion,halfspace,2,1.0,64,0.35277930654925704,0.028181555,0.02138108399230987
monitor_0452,gmm_completion,halfspace,2,1.0,64,0.7118675595238095,0.08795974,0.03604170901235193
monitor_0453,gmm_completion,halfspace,2,1.0,64,0.07534246575342465,0.030550405,0.04569658398395404
monitor_0454,gmm_completion,halfspace,2,1.0,64,0.187109375,0.16819942,0.03312437501153909
monitor_0455,gmm_completion,halfspace,2,1.0,64,0.0813864906043677,0.18832335,0.028166792006231844
monitor_0456,gmm_completion,halfspace,2,1.0,64,0.5787811597124236,0.07000532,0.03902033300255425
monitor_0457,gmm_completion,halfspace,2,1.0,64,0.26663118680149017,0.096824914,0.03544216699083336
monitor_0458,gmm_completion,halfspace,2,1.0,64,0.5791313949208686,0.08589533,0.03430174998356961
monitor_0459,gmm_completion,halfspace,2,1.0,64,0.2022209234365868,0.05340973,0.03448641698923893
monitor_0460,gmm_completion,halfspace,2,1.0,64,0.0,0.082361266,0.03404287499142811
monitor_0461,gmm_completion,halfspace,2,1.0,64,0.14784394250513347,0.10784723,0.03914329098188318
monitor_0462,gmm_completion,halfspace,2,1.0,64,0.38361266294227186,0.04601737,0.022052707994589582
monitor_0463,gmm_completion,halfspace,2,1.0,64,0.337401055408971,0.04898615,0.02774754198617302
monitor_0464,gmm_completion,halfspace,2,1.0,64,0.0,0.03924094,0.0334342920104973
monitor_0465,gmm_completion,halfspace,2,1.0,64,0.7013806033748082,0.04504771,0.04446525001549162
monitor_0466,gmm_completion,halfspace,2,1.0,64,0.10642504118616145,0.2406279,0.03078599998843856
monitor_0467,gmm_completion,halfspace,2,1.0,64,0.04801920768307323,0.09209781,0.02227600000333041
monitor_0468,gmm_completion,halfspace,2,1.0,64,0.36215360253365003,0.14042258,0.0220059170096647
monitor_0469,gmm_completion,halfspace,2,1.0,64,0.15621347876899103,0.10331078,0.025619624997489154
monitor_0470,gmm_completion,halfspace,2,1.0,64,0.1435523114355231,0.08067099,0.0389044159965124
monitor_0471,gmm_completion,halfspace,2,1.0,64,0.5295151089248068,0.06087075,0.03130487498128787
monitor_0472,gmm_completion,halfspace,2,1.0,64,0.6194806226175349,0.08885415,0.03236645899596624
monitor_0473,gmm_completion,halfspace,2,1.0,64,0.03545051698670606,0.055253454,0.044466541992733255
monitor_0474,gmm_completion,halfspace,2,1.0,64,0.3210879547862946,0.060428564,0.02966524998191744
monitor_0475,gmm_completion,halfspace,2,1.0,64,0.0667420814479638,0.05690651,0.04442570797982626
monitor_0476,gmm_completion,halfspace,2,1.0,64,0.36509065055101314,0.0668808,0.023676542012253776
monitor_0477,gmm_completion,halfspace,2,1.0,64,0.0,0.08792419,0.0447370839829091
monitor_0478,gmm_completion,halfspace,2,1.0,64,0.5134610047182903,0.061482646,0.030372415989404544
monitor_0479,gmm_completion,halfspace,2,1.0,64,0.2031900138696255,0.040592436,0.029023665993008763
monitor_0480,gmm_completion,halfspace,2,1.0,64,0.0,0.04704581,0.030736791028175503
monitor_0396,gmm_completion,block,2,1.0,64,0.6968898260411176,0.024275415,0.05329499999061227
monitor_0397,gmm_completion,block,2,1.0,64,0.7215496368038741,0.025029816,0.055850708013167605
monitor_0398,gmm_completion,block,2,1.0,64,0.6374162096282754,0.019502442,0.05322962501668371
monitor_0399,gmm_completion,block,2,1.0,64,1.0,0.034349624,0.05299374999594875
monitor_0400,gmm_completion,block,2,1.0,64,0.6758241758241759,0.018651038,0.05349212500732392
monitor_0401,gmm_completion,block,2,1.0,64,0.520940484937546,0.018843058,0.05434799997601658
monitor_0402,gmm_completion,block,2,1.0,64,0.1777509068923821,0.05431981,0.05455920900567435
monitor_0403,gmm_completion,block,2,1.0,64,0.6490147783251231,0.03158846,0.053508207987761125
monitor_0404,gmm_completion,block,2,1.0,64,0.3171171171171171,0.012757384,0.05188145799911581
monitor_0405,gmm_completion,block,2,1.0,64,0.6636844245628304,0.058723547,0.056072583014611155
monitor_0406,gmm_completion,block,2,1.0,64,1.0,0.020866951,0.05364416600787081
monitor_0407,gmm_completion,block,2,1.0,64,1.0,0.00853545,0.057272209000075236
monitor_0408,gmm_completion,block,2,1.0,64,0.8027522935779816,0.013382394,0.05542995801079087
monitor_0409,gmm_completion,block,2,1.0,64,0.518910741301059,0.02469022,0.05436808301601559
monitor_0410,gmm_completion,block,2,1.0,64,1.0,0.014339969,0.05576824999297969
monitor_0411,gmm_completion,block,2,1.0,64,0.5245569620253164,0.027932052,0.05324974999530241
monitor_0412,gmm_completion,block,2,1.0,64,0.14150047483380818,0.05313655,0.054466124973259866
monitor_0413,gmm_completion,block,2,1.0,64,0.38082901554404147,0.034196306,0.05181345797609538
monitor_0414,gmm_completion,block,2,1.0,64,0.8959081119885139,0.016474953,0.05254941701423377
monitor_0415,gmm_completion,block,2,1.0,64,0.17105263157894737,0.019515224,0.053672875015763566
monitor_0416,gmm_completion,block,2,1.0,64,0.11702786377708978,0.027681358,0.05293770899879746
monitor_0417,gmm_completion,block,2,1.0,64,0.0967741935483871,0.020105636,0.0545017920085229
monitor_0418,gmm_completion,block,2,1.0,64,0.4015151515151515,0.034303024,0.053184542019153014
monitor_0419,gmm_completion,block,2,1.0,64,1.0,0.009877021,0.05416966599295847
monitor_0420,gmm_completion,block,2,1.0,64,0.6491862567811935,0.010121742,0.053900166996754706
monitor_0421,gmm_completion,block,2,1.0,64,0.3070652173913043,0.04139502,0.053325749991927296
monitor_0422,gmm_completion,block,2,1.0,64,0.5990063875088716,0.045110617,0.05129066601512022
monitor_0423,gmm_completion,block,2,1.0,64,1.0,0.022168258,0.05406095800572075
monitor_0424,gmm_completion,block,2,1.0,64,0.8007736943907157,0.031182095,0.05210820899810642
monitor_0425,gmm_completion,block,2,1.0,64,0.6487854251012146,0.0061263484,0.05038300002343021
monitor_0426,gmm_completion,block,2,1.0,64,1.0,0.011064012,0.05466470800456591
monitor_0427,gmm_completion,block,2,1.0,64,0.0,0.02958977,0.05404300001100637
monitor_0428,gmm_completion,block,2,1.0,64,0.34644351464435147,0.026832815,0.05127349999384023
monitor_0429,gmm_completion,block,2,1.0,64,0.4724989172802079,0.028144937,0.051590457995189354
monitor_0430,gmm_completion,block,2,1.0,64,1.0,0.017475875,0.057414416020037606
monitor_0431,gmm_completion,block,2,1.0,64,0.0,0.015142974,0.058831832982832566
monitor_0432,gmm_completion,block,2,1.0,64,0.0,0.02871101,0.05661570900701918
monitor_0433,gmm_completion,block,2,1.0,64,0.46410684474123537,0.034784745,0.054313290980644524
monitor_0434,gmm_completion,block,2,1.0,64,0.5360576923076923,0.033384684,0.05481358402175829
monitor_0435,gmm_completion,block,2,1.0,64,0.5824303405572755,0.020314038,0.05184866700437851
monitor_0436,gmm_completion,block,2,1.0,64,0.18662952646239556,0.026334938,0.0532589590002317
monitor_0437,gmm_completion,block,2,1.0,64,0.5478468899521531,0.040366944,0.05203849999816157
monitor_0438,gmm_completion,block,2,1.0,64,1.0,0.029516395,0.05433016599272378
monitor_0439,gmm_completion,block,2,1.0,64,0.22743259085580306,0.04613262,0.052533459005644545
monitor_0440,gmm_completion,block,2,1.0,64,0.9013683010262258,0.02687912,0.05113074998371303
monitor_0441,gmm_completion,block,2,1.0,64,0.998027451302704,0.029066324,0.051578333019278944
monitor_0442,gmm_completion,block,2,1.0,64,0.18840579710144928,0.027213227,0.05357754201395437
monitor_0443,gmm_completion,block,2,1.0,64,0.70018281535649,0.019842895,0.0556944590061903
monitor_0444,gmm_completion,block,2,1.0,64,0.9183431952662722,0.012977969,0.054624667012831196
monitor_0445,gmm_completion,block,2,1.0,64,0.7118226600985221,0.013644385,0.05375020901556127
monitor_0446,gmm_completion,block,2,1.0,64,0.7408450704225352,0.02911518,0.052517166011966765
monitor_0447,gmm_completion,block,2,1.0,64,1.0,0.009692461,0.05356891700648703
monitor_0448,gmm_completion,block,2,1.0,64,0.737118320610687,0.019004384,0.05076729197753593
monitor_0449,gmm_completion,block,2,1.0,64,0.799618320610687,0.025902892,0.052842792007140815
monitor_0450,gmm_completion,block,2,1.0,64,0.0,0.007783487,0.054043957992689684
monitor_0451,gmm_completion,block,2,1.0,64,0.7887523629489603,0.019099312,0.05082962499000132
monitor_0452,gmm_completion,block,2,1.0,64,0.7557522123893805,0.07482608,0.054084875009721145
monitor_0453,gmm_completion,block,2,1.0,64,1.0,0.009692144,0.05468520798604004
monitor_0454,gmm_completion,block,2,1.0,64,0.2845878136200717,0.06702104,0.05372537500807084
monitor_0455,gmm_completion,block,2,1.0,64,0.0,0.01625249,0.052653833001386374
monitor_0456,gmm_completion,block,2,1.0,64,0.6194731890874883,0.048381682,0.055189042002893984
monitor_0457,gmm_completion,block,2,1.0,64,0.6829652996845426,0.02157683,0.054827290994580835
monitor_0458,gmm_completion,block,2,1.0,64,0.7829596412556054,0.024268687,0.05444420900312252
monitor_0459,gmm_completion,block,2,1.0,64,0.2125984251968504,0.017777387,0.053795916988747194
monitor_0460,gmm_completion,block,2,1.0,64,1.0,0.01856204,0.053753499989397824
monitor_0461,gmm_completion,block,2,1.0,64,1.0,0.009168528,0.054586209007538855
monitor_0462,gmm_completion,block,2,1.0,64,0.6363636363636364,0.026345601,0.05067612498532981
monitor_0463,gmm_completion,block,2,1.0,64,0.11147011308562198,0.030440392,0.05269570800010115
monitor_0464,gmm_completion,block,2,1.0,64,0.09352517985611511,0.017608237,0.05345783400116488
monitor_0465,gmm_completion,block,2,1.0,64,1.0,0.030556776,0.05405020798207261
monitor_0466,gmm_completion,block,2,1.0,64,0.4311787072243346,0.043531843,0.05235458299284801
monitor_0467,gmm_completion,block,2,1.0,64,0.022058823529411766,0.018562835,0.051510834018699825
monitor_0468,gmm_completion,block,2,1.0,64,0.28157997653500194,0.053236693,0.05055641700164415
monitor_0469,gmm_completion,block,2,1.0,64,0.1676099259904223,0.059227426,0.0524053749977611
monitor_0470,gmm_completion,block,2,1.0,64,1.0,0.022058848,0.05491858298773877
monitor_0471,gmm_completion,block,2,1.0,64,0.3388804841149773,0.030140748,0.05363175002275966
monitor_0472,gmm_completion,block,2,1.0,64,0.7640494220805102,0.05260363,0.05530987499514595
monitor_0473,gmm_completion,block,2,1.0,64,1.0,0.019659422,0.05419333299505524
monitor_0474,gmm_completion,block,2,1.0,64,0.34017363851617993,0.02333552,0.05210195897961967
monitor_0475,gmm_completion,block,2,1.0,64,0.0,0.029373402,0.05550325001240708
monitor_0476,gmm_completion,block,2,1.0,64,0.12751677852348994,0.048782934,0.0523140000004787
monitor_0477,gmm_completion,block,2,1.0,64,0.027777777777777776,0.029160194,0.05332833400461823
monitor_0478,gmm_completion,block,2,1.0,64,1.0,0.018931063,0.05167387501569465
monitor_0479,gmm_completion,block,2,1.0,64,0.27893931667516575,0.03149819,0.05088625001371838
monitor_0480,gmm_completion,block,2,1.0,64,0.104,0.0105841905,0.05450833300710656
monitor_0396,gmm_completion,halfspace,3,1.0,64,0.6929975195573364,0.03400509,0.030953790992498398
monitor_0397,gmm_completion,halfspace,3,1.0,64,0.4068337129840547,0.067991436,0.04730108400690369
monitor_0398,gmm_completion,halfspace,3,1.0,64,0.6933359936153233,0.034093145,0.033144667017040774
monitor_0399,gmm_completion,halfspace,3,1.0,64,0.35426356589147284,0.083007105,0.03535729201394133
monitor_0400,gmm_completion,halfspace,3,1.0,64,0.571340142370783,0.06006132,0.04099041598965414
monitor_0401,gmm_completion,halfspace,3,1.0,64,0.4297713485767615,0.04687447,0.042470374988624826
monitor_0402,gmm_completion,halfspace,3,1.0,64,0.3667679837892604,0.08608941,0.04866737499833107
monitor_0403,gmm_completion,halfspace,3,1.0,64,0.38629992992291523,0.06776308,0.03239404200576246
monitor_0404,gmm_completion,halfspace,3,1.0,64,0.01726315789473684,0.0649778,0.044996125012403354
monitor_0405,gmm_completion,halfspace,3,1.0,64,0.7313945500343485,0.06216982,0.04809958301484585
monitor_0406,gmm_completion,halfspace,3,1.0,64,0.572875226039783,0.047367334,0.04094104201067239
monitor_0407,gmm_completion,halfspace,3,1.0,64,0.3615328994938539,0.039446678,0.059147249994566664
monitor_0408,gmm_completion,halfspace,3,1.0,64,0.3534971644612476,0.08021883,0.044316999992588535
monitor_0409,gmm_completion,halfspace,3,1.0,64,0.6869665513264129,0.04304742,0.031150875001912937
monitor_0410,gmm_completion,halfspace,3,1.0,64,0.3775877587758776,0.031136336,0.059754540998255834
monitor_0411,gmm_completion,halfspace,3,1.0,64,0.6817316841103711,0.028524574,0.031684416986536235
monitor_0412,gmm_completion,halfspace,3,1.0,64,0.0,0.12102988,0.04680250000092201
monitor_0413,gmm_completion,halfspace,3,1.0,64,0.15323076923076923,0.07649217,0.039466624992201105
monitor_0414,gmm_completion,halfspace,3,1.0,64,0.7033945464663328,0.042841855,0.032328833010979
monitor_0415,gmm_completion,halfspace,3,1.0,64,0.19480519480519481,0.03852954,0.043507082998985425
monitor_0416,gmm_completion,halfspace,3,1.0,64,0.15172900494001412,0.051228307,0.03164849997847341
monitor_0417,gmm_completion,halfspace,3,1.0,64,0.36548223350253806,0.09705288,0.05204320800839923
monitor_0418,gmm_completion,halfspace,3,1.0,64,0.4338235294117647,0.04560082,0.03887941600987688
monitor_0419,gmm_completion,halfspace,3,1.0,64,0.503003003003003,0.050755057,0.06322066698339768
monitor_0420,gmm_completion,halfspace,3,1.0,64,0.16629464285714285,0.0394211,0.04876041700481437
monitor_0421,gmm_completion,halfspace,3,1.0,64,0.3812038014783527,0.05635981,0.04419741700985469
monitor_0422,gmm_completion,halfspace,3,1.0,64,0.4123755032845942,0.086357474,0.03244541698950343
monitor_0423,gmm_completion,halfspace,3,1.0,64,0.5089285714285714,0.03997831,0.062014249997446314
monitor_0424,gmm_completion,halfspace,3,1.0,64,0.5912935323383085,0.062025283,0.04195179100497626
monitor_0425,gmm_completion,halfspace,3,1.0,64,0.6019792420951001,0.043871284,0.030394000001251698
monitor_0426,gmm_completion,halfspace,3,1.0,64,0.3315460232350313,0.034906734,0.06033612502506003
monitor_0427,gmm_completion,halfspace,3,1.0,64,0.0,0.033876706,0.045823374995961785
monitor_0428,gmm_completion,halfspace,3,1.0,64,0.08648280558392918,0.07237596,0.03113070799736306
monitor_0429,gmm_completion,halfspace,3,1.0,64,0.5093632958801498,0.038702663,0.0308500420069322
monitor_0430,gmm_completion,halfspace,3,1.0,64,0.20962566844919786,0.054254454,0.06061433401191607
monitor_0431,gmm_completion,halfspace,3,1.0,64,0.0,0.03531568,0.05943500000284985
monitor_0432,gmm_completion,halfspace,3,1.0,64,0.1608504737693552,0.0658093,0.04926799997338094
monitor_0433,gmm_completion,halfspace,3,1.0,64,0.05750350631136045,0.100281484,0.0562027909909375
monitor_0434,gmm_completion,halfspace,3,1.0,64,0.5731197771587744,0.04050181,0.05426649999571964
monitor_0435,gmm_completion,halfspace,3,1.0,64,0.5411506192568918,0.028850421,0.02885466700536199
monitor_0436,gmm_completion,halfspace,3,1.0,64,0.3733448474381117,0.05325998,0.043805207998957485
monitor_0437,gmm_completion,halfspace,3,1.0,64,0.6875612144955926,0.047448777,0.043153292004717514
monitor_0438,gmm_completion,halfspace,3,1.0,64,0.15089820359281436,0.027875144,0.06025800001225434
monitor_0439,gmm_completion,halfspace,3,1.0,64,0.03343782654127482,0.03248017,0.045528957998612896
monitor_0440,gmm_completion,halfspace,3,1.0,64,0.647462053207116,0.05938349,0.041956375003792346
monitor_0441,gmm_completion,halfspace,3,1.0,64,0.8153674641968957,0.054438334,0.030316042015329003
monitor_0442,gmm_completion,halfspace,3,1.0,64,0.21685971685971686,0.05091698,0.04496624998864718
monitor_0443,gmm_completion,halfspace,3,1.0,64,0.17503392130257803,0.09186554,0.059078083984786645
monitor_0444,gmm_completion,halfspace,3,1.0,64,0.1930116472545757,0.05182207,0.05676408298313618
monitor_0445,gmm_completion,halfspace,3,1.0,64,0.0,0.057687026,0.05967816599877551
monitor_0446,gmm_completion,halfspace,3,1.0,64,0.5213468309859155,0.045731474,0.0370286249963101
monitor_0447,gmm_completion,halfspace,3,1.0,64,0.18984962406015038,0.044796556,0.04900520801311359
monitor_0448,gmm_completion,halfspace,3,1.0,64,0.6029224904701398,0.04572426,0.028322083002422005
monitor_0449,gmm_completion,halfspace,3,1.0,64,0.3455227379278012,0.13525717,0.03736508300062269
monitor_0450,gmm_completion,halfspace,3,1.0,64,0.38620689655172413,0.04465513,0.051284957997268066
monitor_0451,gmm_completion,halfspace,3,1.0,64,0.6898876404494382,0.02366262,0.029824209021171555
monitor_0452,gmm_completion,halfspace,3,1.0,64,0.8159369624327174,0.072982416,0.04925945901777595
monitor_0453,gmm_completion,halfspace,3,1.0,64,0.0992063492063492,0.028930321,0.06235329099581577
monitor_0454,gmm_completion,halfspace,3,1.0,64,0.19604037267080746,0.0566051,0.045042249985272065
monitor_0455,gmm_completion,halfspace,3,1.0,64,0.02961082910321489,0.06651902,0.03820854099467397
monitor_0456,gmm_completion,halfspace,3,1.0,64,0.46178343949044587,0.13272704,0.052798707998590544
monitor_0457,gmm_completion,halfspace,3,1.0,64,0.28795483061480553,0.059574902,0.04766045801807195
monitor_0458,gmm_completion,halfspace,3,1.0,64,0.39072463768115945,0.080535255,0.04722075001336634
monitor_0459,gmm_completion,halfspace,3,1.0,64,0.11183819155264724,0.07488289,0.046648207993712276
monitor_0460,gmm_completion,halfspace,3,1.0,64,0.0,0.027491732,0.0449447919963859
monitor_0461,gmm_completion,halfspace,3,1.0,64,0.0,0.07602673,0.05342408298747614
monitor_0462,gmm_completion,halfspace,3,1.0,64,0.36720834343924325,0.051307354,0.030387959006475285
monitor_0463,gmm_completion,halfspace,3,1.0,64,0.4692375625551958,0.031463657,0.03894545801449567
monitor_0464,gmm_completion,halfspace,3,1.0,64,0.0,0.0631248,0.04674483300186694
monitor_0465,gmm_completion,halfspace,3,1.0,64,0.595115850447604,0.08546907,0.06274041600408964
monitor_0466,gmm_completion,halfspace,3,1.0,64,0.009785770960063476,0.16014504,0.042779625015100464
monitor_0467,gmm_completion,halfspace,3,1.0,64,0.0,0.04381116,0.031311833998188376
monitor_0468,gmm_completion,halfspace,3,1.0,64,0.3513341804320203,0.076696895,0.030960083997342736
monitor_0469,gmm_completion,halfspace,3,1.0,64,0.25540472599296127,0.058259457,0.03610554101760499
monitor_0470,gmm_completion,halfspace,3,1.0,64,0.40520043336944744,0.104087204,0.05275949998758733
monitor_0471,gmm_completion,halfspace,3,1.0,64,0.4666666666666667,0.04105227,0.04243366699665785
monitor_0472,gmm_completion,halfspace,3,1.0,64,0.6847096380451622,0.059047543,0.04527579201385379
monitor_0473,gmm_completion,halfspace,3,1.0,64,0.08379120879120878,0.051188942,0.06124725000699982
monitor_0474,gmm_completion,halfspace,3,1.0,64,0.6314248536109304,0.030753775,0.04061166598694399
monitor_0475,gmm_completion,halfspace,3,1.0,64,0.16218809980806143,0.035876084,0.059403249993920326
monitor_0476,gmm_completion,halfspace,3,1.0,64,0.2335928809788654,0.08691215,0.03059200002462603
monitor_0477,gmm_completion,halfspace,3,1.0,64,0.0,0.050566193,0.05998095800168812
monitor_0478,gmm_completion,halfspace,3,1.0,64,0.3620081411126187,0.089069545,0.039327000005869195
monitor_0479,gmm_completion,halfspace,3,1.0,64,0.7392698569314258,0.020280844,0.040724958991631866
monitor_0480,gmm_completion,halfspace,3,1.0,64,0.0013386880856760374,0.09665683,0.0418628329935018
monitor_0396,gmm_completion,block,3,1.0,64,0.7493212669683258,0.01944986,0.07111045901547186
monitor_0397,gmm_completion,block,3,1.0,64,0.6946666666666667,0.017451534,0.07400612498167902
monitor_0398,gmm_completion,block,3,1.0,64,0.7984054669703873,0.012614118,0.07246520798071288
monitor_0399,gmm_completion,block,3,1.0,64,1.0,0.029088732,0.07164329197257757
monitor_0400,gmm_completion,block,3,1.0,64,0.29003021148036257,0.031313095,0.07051379099721089
monitor_0401,gmm_completion,block,3,1.0,64,0.6850618458610847,0.009123078,0.07117883299360983
monitor_0402,gmm_completion,block,3,1.0,64,0.4375876577840112,0.033379,0.07236879100673832
monitor_0403,gmm_completion,block,3,1.0,64,0.7332589285714286,0.021153104,0.06901133299106732
monitor_0404,gmm_completion,block,3,1.0,64,0.037102473498233215,0.021189012,0.07119287498062477
monitor_0405,gmm_completion,block,3,1.0,64,0.77978515625,0.040310927,0.074330083996756
monitor_0406,gmm_completion,block,3,1.0,64,1.0,0.02542889,0.07213445802335627
monitor_0407,gmm_completion,block,3,1.0,64,1.0,0.00991834,0.07601966601214372
monitor_0408,gmm_completion,block,3,1.0,64,0.7023809523809523,0.021694154,0.07322516699787229
monitor_0409,gmm_completion,block,3,1.0,64,0.47858197932053176,0.017763535,0.07175170799018815
monitor_0410,gmm_completion,block,3,1.0,64,1.0,0.011095887,0.07626529200933874
monitor_0411,gmm_completion,block,3,1.0,64,0.8372201492537313,0.013441605,0.07309183300822042
monitor_0412,gmm_completion,block,3,1.0,64,0.11963882618510158,0.04985874,0.07558716600760818
monitor_0413,gmm_completion,block,3,1.0,64,0.26865671641791045,0.03168596,0.07262966700363904
monitor_0414,gmm_completion,block,3,1.0,64,0.93421498813157,0.011830118,0.07231808299547993
monitor_0415,gmm_completion,block,3,1.0,64,0.44739884393063584,0.017969457,0.07397825000225566
monitor_0416,gmm_completion,block,3,1.0,64,0.18155283129013428,0.025686782,0.07158495899057016
monitor_0417,gmm_completion,block,3,1.0,64,0.22608695652173913,0.017946893,0.07596541702514514
monitor_0418,gmm_completion,block,3,1.0,64,0.5934455270150576,0.026934236,0.07296095800120384
monitor_0419,gmm_completion,block,3,1.0,64,0.7578947368421053,0.008065498,0.07518870799685828
monitor_0420,gmm_completion,block,3,1.0,64,0.43066884176182707,0.010657548,0.07622920899302699
monitor_0421,gmm_completion,block,3,1.0,64,0.5962732919254659,0.04087293,0.07433420800953172
monitor_0422,gmm_completion,block,3,1.0,64,0.5052192066805845,0.06201909,0.06995924998773262
monitor_0423,gmm_completion,block,3,1.0,64,1.0,0.023788735,0.07382970800972544
monitor_0424,gmm_completion,block,3,1.0,64,0.8321096426823299,0.027936064,0.07412620898685418
monitor_0425,gmm_completion,block,3,1.0,64,0.7318435754189944,0.019114528,0.06934037499013357
monitor_0426,gmm_completion,block,3,1.0,64,0.0,0.009436421,0.07569833399611525
monitor_0427,gmm_completion,block,3,1.0,64,0.0,0.023561308,0.07390641697566025
monitor_0428,gmm_completion,block,3,1.0,64,0.0,0.03308953,0.06977354199625552
monitor_0429,gmm_completion,block,3,1.0,64,0.7093862815884476,0.015721334,0.06977237499086186
monitor_0430,gmm_completion,block,3,1.0,64,1.0,0.006559839,0.07138354098424315
monitor_0431,gmm_completion,block,3,1.0,64,0.0,0.011467408,0.07444745799875818
monitor_0432,gmm_completion,block,3,1.0,64,0.016666666666666666,0.03692446,0.07478975001140498
monitor_0433,gmm_completion,block,3,1.0,64,0.25047801147227533,0.047164965,0.07463512499816716
monitor_0434,gmm_completion,block,3,1.0,64,0.7577282530553558,0.029330982,0.07438116701086983
monitor_0435,gmm_completion,block,3,1.0,64,0.5397727272727273,0.017830603,0.06920474997605197
monitor_0436,gmm_completion,block,3,1.0,64,0.12878787878787878,0.02649172,0.07310800001141615
monitor_0437,gmm_completion,block,3,1.0,64,0.7674418604651163,0.027018953,0.0741392089985311
monitor_0438,gmm_completion,block,3,1.0,64,0.0,0.021925991,0.07640470899059437
monitor_0439,gmm_completion,block,3,1.0,64,0.10151187904967603,0.022203363,0.07182679200195707
monitor_0440,gmm_completion,block,3,1.0,64,0.8411949685534591,0.027945854,0.07013274999917485
monitor_0441,gmm_completion,block,3,1.0,64,0.998191830360812,0.037578873,0.07012370799202472
monitor_0442,gmm_completion,block,3,1.0,64,0.26666666666666666,0.01955241,0.07344308300525881
monitor_0443,gmm_completion,block,3,1.0,64,0.7038461538461539,0.032188997,0.07482679199893028
monitor_0444,gmm_completion,block,3,1.0,64,1.0,0.012063551,0.07591174999834038
monitor_0445,gmm_completion,block,3,1.0,64,0.7150395778364116,0.012841632,0.07307412501540966
monitor_0446,gmm_completion,block,3,1.0,64,0.757864238410596,0.03162945,0.07193974999245256
monitor_0447,gmm_completion,block,3,1.0,64,1.0,0.015715368,0.07339654199313372
monitor_0448,gmm_completion,block,3,1.0,64,0.5629546726357023,0.021508755,0.06932304200017825
monitor_0449,gmm_completion,block,3,1.0,64,0.8024439918533605,0.03601346,0.0794825830089394
monitor_0450,gmm_completion,block,3,1.0,64,1.0,0.006720738,0.09554249999928288
monitor_0451,gmm_completion,block,3,1.0,64,0.9323694029850746,0.012012575,0.07190958299906924
monitor_0452,gmm_completion,block,3,1.0,64,0.8601327207759061,0.033185624,0.0734811250003986
monitor_0453,gmm_completion,block,3,1.0,64,1.0,0.011671655,0.07571525001549162
monitor_0454,gmm_completion,block,3,1.0,64,0.5679542203147353,0.016064283,0.07389658398460597
monitor_0455,gmm_completion,block,3,1.0,64,0.0,0.021010078,0.07195687500643544
monitor_0456,gmm_completion,block,3,1.0,64,0.5481006413418845,0.081624016,0.07482779200654477
monitor_0457,gmm_completion,block,3,1.0,64,0.5632183908045977,0.015957046,0.0737935000215657
monitor_0458,gmm_completion,block,3,1.0,64,0.7371589085072231,0.0370966,0.07385250000515953
monitor_0459,gmm_completion,block,3,1.0,64,0.48638132295719844,0.013339011,0.07334012500359677
monitor_0460,gmm_completion,block,3,1.0,64,1.0,0.014165968,0.0728129580093082
monitor_0461,gmm_completion,block,3,1.0,64,1.0,0.010503171,0.07361595801194198
monitor_0462,gmm_completion,block,3,1.0,64,0.31500620090946674,0.028750394,0.06866099999751896
monitor_0463,gmm_completion,block,3,1.0,64,0.43734335839599,0.02518377,0.07245824998244643
monitor_0464,gmm_completion,block,3,1.0,64,0.0,0.014749293,0.07375970899011008
monitor_0465,gmm_completion,block,3,1.0,64,1.0,0.052937597,0.07501458300976083
monitor_0466,gmm_completion,block,3,1.0,64,0.4321972443799855,0.042177632,0.07313195799360983
monitor_0467,gmm_completion,block,3,1.0,64,0.08043478260869565,0.008864623,0.06880179201834835
monitor_0468,gmm_completion,block,3,1.0,64,0.464578313253012,0.03144486,0.07091000000946224
monitor_0469,gmm_completion,block,3,1.0,64,0.2202925045703839,0.039755758,0.07141445801244117
monitor_0470,gmm_completion,block,3,1.0,64,1.0,0.022534195,0.07394145798753016
monitor_0471,gmm_completion,block,3,1.0,64,0.4742268041237113,0.033060886,0.07253683300223202
monitor_0472,gmm_completion,block,3,1.0,64,0.8470691934773028,0.028980346,0.07238391597638838
monitor_0473,gmm_completion,block,3,1.0,64,1.0,0.023912761,0.07443912499002181
monitor_0474,gmm_completion,block,3,1.0,64,0.6511094108645754,0.015013585,0.0712176660017576
monitor_0475,gmm_completion,block,3,1.0,64,0.0,0.013959318,0.07443841701024212
monitor_0476,gmm_completion,block,3,1.0,64,0.10144927536231885,0.03329057,0.07047845900524408
monitor_0477,gmm_completion,block,3,1.0,64,0.21153846153846154,0.015641734,0.07494137500179932
monitor_0478,gmm_completion,block,3,1.0,64,1.0,0.018035525,0.07453945800079964
monitor_0479,gmm_completion,block,3,1.0,64,0.6503778337531486,0.019251915,0.07203787501202896
monitor_0480,gmm_completion,block,3,1.0,64,0.23935091277890466,0.017227473,0.07555045798653737
monitor_0396,gmm_completion,halfspace,5,1.0,64,0.2637571157495256,0.1315448,0.04849387498688884
monitor_0397,gmm_completion,halfspace,5,1.0,64,0.20036051026067664,0.19648252,0.07066458399640396
monitor_0398,gmm_completion,halfspace,5,1.0,64,0.4316799251286851,0.124108344,0.0480537919793278
monitor_0399,gmm_completion,halfspace,5,1.0,64,0.05404710920770878,0.18176162,0.054229875007877126
monitor_0400,gmm_completion,halfspace,5,1.0,64,0.15737564322469982,0.15595205,0.06044079200364649
monitor_0401,gmm_completion,halfspace,5,1.0,64,0.14238313652776421,0.1357995,0.06244783301372081
monitor_0402,gmm_completion,halfspace,5,1.0,64,0.26275704493526275,0.13086037,0.07277583298855461
monitor_0403,gmm_completion,halfspace,5,1.0,64,0.3842088902704383,0.11342753,0.04561520801507868
monitor_0404,gmm_completion,halfspace,5,1.0,64,0.09737417943107221,0.07915342,0.06154475000221282
monitor_0405,gmm_completion,halfspace,5,1.0,64,0.68401129005479,0.08874949,0.07206083301571198
monitor_0406,gmm_completion,halfspace,5,1.0,64,0.22434132913881244,0.10884205,0.05896154200308956
monitor_0407,gmm_completion,halfspace,5,1.0,64,0.01945199749006484,0.098203756,0.09004262500093319
monitor_0408,gmm_completion,halfspace,5,1.0,64,0.09473445644783561,0.19235449,0.06601179199060425
monitor_0409,gmm_completion,halfspace,5,1.0,64,0.3853613177470776,0.07853985,0.047296458011260256
monitor_0410,gmm_completion,halfspace,5,1.0,64,0.11626699885809197,0.18265267,0.08856299999752082
monitor_0411,gmm_completion,halfspace,5,1.0,64,0.5264284538119546,0.0768959,0.047588457993697375
monitor_0412,gmm_completion,halfspace,5,1.0,64,0.1347199564980968,0.08495858,0.06825924999429844
monitor_0413,gmm_completion,halfspace,5,1.0,64,0.14793064876957496,0.10637944,0.06159574998309836
monitor_0414,gmm_completion,halfspace,5,1.0,64,0.3630582778484327,0.08615165,0.04761450001387857
monitor_0415,gmm_completion,halfspace,5,1.0,64,0.09396355353075171,0.18065295,0.06606870901305228
monitor_0416,gmm_completion,halfspace,5,1.0,64,0.11411042944785275,0.10246653,0.047925291990395635
monitor_0417,gmm_completion,halfspace,5,1.0,64,0.09059633027522936,0.21983257,0.0769566249800846
monitor_0418,gmm_completion,halfspace,5,1.0,64,0.2650012876641772,0.08435053,0.058660458016674966
monitor_0419,gmm_completion,halfspace,5,1.0,64,0.11356646542886434,0.19308461,0.09429637499852106
monitor_0420,gmm_completion,halfspace,5,1.0,64,0.07388356324526538,0.1262251,0.0735536249994766
monitor_0421,gmm_completion,halfspace,5,1.0,64,0.16113080798656465,0.15343812,0.06873495801119134
monitor_0422,gmm_completion,halfspace,5,1.0,64,0.2655702756205269,0.14105892,0.04810291700414382
monitor_0423,gmm_completion,halfspace,5,1.0,64,0.05017543859649123,0.12648146,0.09423566699842922
monitor_0424,gmm_completion,halfspace,5,1.0,64,0.21494529760112416,0.17920145,0.06344637498841621
monitor_0425,gmm_completion,halfspace,5,1.0,64,0.24700872034070168,0.11847979,0.04641383298439905
monitor_0426,gmm_completion,halfspace,5,1.0,64,0.0548747027620267,0.1490463,0.09152387498761527
monitor_0427,gmm_completion,halfspace,5,1.0,64,0.14569031273836766,0.11618138,0.06625941599486396
monitor_0428,gmm_completion,halfspace,5,1.0,64,0.11936906830637616,0.09747168,0.047365917009301484
monitor_0429,gmm_completion,halfspace,5,1.0,64,0.17531718569780855,0.12472616,0.04884929201216437
monitor_0430,gmm_completion,halfspace,5,1.0,64,0.2751004016064257,0.06953919,0.0938865419884678
monitor_0431,gmm_completion,halfspace,5,1.0,64,0.0,0.033235785,0.08994154201354831
monitor_0432,gmm_completion,halfspace,5,1.0,64,0.10771016940207927,0.24378921,0.07382624997990206
monitor_0433,gmm_completion,halfspace,5,1.0,64,0.014272344408048667,0.12760772,0.08808625000528991
monitor_0434,gmm_completion,halfspace,5,1.0,64,0.11917892156862746,0.19330819,0.0792582500143908
monitor_0435,gmm_completion,halfspace,5,1.0,64,0.275248028491478,0.09576201,0.04557308301446028
monitor_0436,gmm_completion,halfspace,5,1.0,64,0.16774586729641197,0.16381258,0.06798541700118221
monitor_0437,gmm_completion,halfspace,5,1.0,64,0.5115717006005566,0.15165946,0.0637113330012653
monitor_0438,gmm_completion,halfspace,5,1.0,64,0.059880239520958084,0.03817881,0.09004754197667353
monitor_0439,gmm_completion,halfspace,5,1.0,64,0.08408408408408409,0.037457295,0.06916654200176708
monitor_0440,gmm_completion,halfspace,5,1.0,64,0.3362773722627737,0.21925959,0.06407945801038295
monitor_0441,gmm_completion,halfspace,5,1.0,64,0.8337263371311457,0.04168488,0.046140207996359095
monitor_0442,gmm_completion,halfspace,5,1.0,64,0.1616871704745167,0.08167546,0.06967941598850302
monitor_0443,gmm_completion,halfspace,5,1.0,64,0.028412856196156393,0.2746434,0.09336962501402013
monitor_0444,gmm_completion,halfspace,5,1.0,64,0.13523809523809524,0.14659712,0.08892529099830426
monitor_0445,gmm_completion,halfspace,5,1.0,64,0.0,0.04888975,0.09457995800767094
monitor_0446,gmm_completion,halfspace,5,1.0,64,0.20448830776967564,0.15936252,0.058488667011260986
monitor_0447,gmm_completion,halfspace,5,1.0,64,0.3259668508287293,0.082812525,0.07316658398485743
monitor_0448,gmm_completion,halfspace,5,1.0,64,0.1705093429776974,0.11607715,0.04478100000414997
monitor_0449,gmm_completion,halfspace,5,1.0,64,0.139247311827957,0.20492943,0.05882937498972751
monitor_0450,gmm_completion,halfspace,5,1.0,64,0.2510729613733906,0.10049519,0.07846395799424499
monitor_0451,gmm_completion,halfspace,5,1.0,64,0.30084050840508403,0.1019857,0.04442616700544022
monitor_0452,gmm_completion,halfspace,5,1.0,64,0.6314500326583932,0.11819576,0.07575574997463264
monitor_0453,gmm_completion,halfspace,5,1.0,64,0.04240282685512368,0.12678304,0.09416304199839942
monitor_0454,gmm_completion,halfspace,5,1.0,64,0.078195067264574,0.12309917,0.07083845901070163
monitor_0455,gmm_completion,halfspace,5,1.0,64,0.0,0.08714039,0.0593801669892855
monitor_0456,gmm_completion,halfspace,5,1.0,64,0.6141608630342755,0.058884714,0.08352433299296536
monitor_0457,gmm_completion,halfspace,5,1.0,64,0.11513885475546817,0.09917825,0.07442908399389125
monitor_0458,gmm_completion,halfspace,5,1.0,64,0.19328402958225066,0.21121155,0.07293512500473298
monitor_0459,gmm_completion,halfspace,5,1.0,64,0.25471698113207547,0.078777194,0.07325979101005942
monitor_0460,gmm_completion,halfspace,5,1.0,64,0.04178272980501393,0.10568334,0.07061350002186373
monitor_0461,gmm_completion,halfspace,5,1.0,64,0.11703056768558952,0.13026518,0.08386024998617359
monitor_0462,gmm_completion,halfspace,5,1.0,64,0.19566412213740458,0.1327338,0.0490330409957096
monitor_0463,gmm_completion,halfspace,5,1.0,64,0.2339532932456999,0.11238961,0.09164200001396239
monitor_0464,gmm_completion,halfspace,5,1.0,64,0.0,0.09476666,0.07644033301039599
monitor_0465,gmm_completion,halfspace,5,1.0,64,0.5661748673595465,0.081511036,0.09713529198779725
monitor_0466,gmm_completion,halfspace,5,1.0,64,0.01642935377875137,0.22202611,0.06552216698764823
monitor_0467,gmm_completion,halfspace,5,1.0,64,0.06056387051862165,0.15067457,0.04855874998611398
monitor_0468,gmm_completion,halfspace,5,1.0,64,0.214488300638147,0.17529012,0.04753895799512975
monitor_0469,gmm_completion,halfspace,5,1.0,64,0.09686419603323831,0.1568203,0.055158000002847984
monitor_0470,gmm_completion,halfspace,5,1.0,64,0.06333927510398099,0.24179967,0.08147204198758118
monitor_0471,gmm_completion,halfspace,5,1.0,64,0.19227871939736346,0.14960222,0.06412312499014661
monitor_0472,gmm_completion,halfspace,5,1.0,64,0.7481233461143814,0.057048324,0.06737137498566881
monitor_0473,gmm_completion,halfspace,5,1.0,64,0.06871345029239766,0.08159392,0.09261150000384077
monitor_0474,gmm_completion,halfspace,5,1.0,64,0.3891968952954221,0.06271318,0.061945749999722466
monitor_0475,gmm_completion,halfspace,5,1.0,64,0.0531966031084762,0.15498692,0.09308637501089834
monitor_0476,gmm_completion,halfspace,5,1.0,64,0.16156816156816156,0.092225775,0.04699804098345339
monitor_0477,gmm_completion,halfspace,5,1.0,64,0.17647058823529413,0.038585898,0.09217091699247248
monitor_0478,gmm_completion,halfspace,5,1.0,64,0.2859990034877927,0.09619882,0.0604737919929903
monitor_0479,gmm_completion,halfspace,5,1.0,64,0.1797949487371843,0.139167,0.06165679098921828
monitor_0480,gmm_completion,halfspace,5,1.0,64,0.03290839015713015,0.061164025,0.06364354200195521
monitor_0396,gmm_completion,block,5,1.0,64,0.849808847624249,0.013934307,0.10964587499620393
monitor_0397,gmm_completion,block,5,1.0,64,0.7642679900744417,0.013430066,0.11545770798693411
monitor_0398,gmm_completion,block,5,1.0,64,0.7519872813990461,0.017859358,0.10910308299935423
monitor_0399,gmm_completion,block,5,1.0,64,1.0,0.0117604975,0.11027108400594443
monitor_0400,gmm_completion,block,5,1.0,64,0.6178489702517163,0.021063412,0.107503999985056
monitor_0401,gmm_completion,block,5,1.0,64,0.6921029281277729,0.012182123,0.11092612499487586
monitor_0402,gmm_completion,block,5,1.0,64,0.12338858195211787,0.04082905,0.11219554202398285
monitor_0403,gmm_completion,block,5,1.0,64,0.6181584030907921,0.03417259,0.10772195900790393
monitor_0404,gmm_completion,block,5,1.0,64,0.23089700996677742,0.018062618,0.10892491700360551
monitor_0405,gmm_completion,block,5,1.0,64,0.7455533596837944,0.042162765,0.114489625004353
monitor_0406,gmm_completion,block,5,1.0,64,0.0,0.08712889,0.10989204200450331
monitor_0407,gmm_completion,block,5,1.0,64,1.0,0.013141288,0.11372279201168567
monitor_0408,gmm_completion,block,5,1.0,64,0.8931451612903226,0.018336447,0.11162020900519565
monitor_0409,gmm_completion,block,5,1.0,64,0.321377331420373,0.069555864,0.107283749995986
monitor_0410,gmm_completion,block,5,1.0,64,1.0,0.017592408,0.11562845797743648
monitor_0411,gmm_completion,block,5,1.0,64,0.5446865273454868,0.05629552,0.10649374997592531
monitor_0412,gmm_completion,block,5,1.0,64,0.13497728747566515,0.070492566,0.11188133401446976
monitor_0413,gmm_completion,block,5,1.0,64,0.13592233009708737,0.028937854,0.10700754198478535
monitor_0414,gmm_completion,block,5,1.0,64,0.6068245480010186,0.048327737,0.10714116701274179
monitor_0415,gmm_completion,block,5,1.0,64,0.14775413711583923,0.029119603,0.11185570800444111
monitor_0416,gmm_completion,block,5,1.0,64,0.42444444444444446,0.034185793,0.10859679197892547
monitor_0417,gmm_completion,block,5,1.0,64,0.36,0.015476259,0.11524462499073707
monitor_0418,gmm_completion,block,5,1.0,64,0.34280230326295585,0.051688656,0.11201254100888036
monitor_0419,gmm_completion,block,5,1.0,64,0.8727272727272727,0.013546129,0.11340445801033638
monitor_0420,gmm_completion,block,5,1.0,64,0.5283687943262412,0.015846407,0.11346179101383314
monitor_0421,gmm_completion,block,5,1.0,64,0.5752688172043011,0.03483399,0.11169504199642688
monitor_0422,gmm_completion,block,5,1.0,64,0.4076259645937358,0.08088099,0.10809283301932737
monitor_0423,gmm_completion,block,5,1.0,64,0.0,0.07536456,0.11504237502231263
monitor_0424,gmm_completion,block,5,1.0,64,0.8198324022346368,0.033885613,0.11507274999166839
monitor_0425,gmm_completion,block,5,1.0,64,0.7957089552238806,0.018048618,0.10876308399019763
monitor_0426,gmm_completion,block,5,1.0,64,1.0,0.011936271,0.11762750000343658
monitor_0427,gmm_completion,block,5,1.0,64,0.0,0.019245084,0.11554566700942814
monitor_0428,gmm_completion,block,5,1.0,64,0.05219454329774614,0.02384526,0.11056749999988824
monitor_0429,gmm_completion,block,5,1.0,64,0.8050139275766016,0.0139137255,0.10860391598544084
monitor_0430,gmm_completion,block,5,1.0,64,1.0,0.007010666,0.11251191701740026
monitor_0431,gmm_completion,block,5,1.0,64,0.2676056338028169,0.012741735,0.1155018330027815
monitor_0432,gmm_completion,block,5,1.0,64,0.0,0.03314685,0.11294233400258236
monitor_0433,gmm_completion,block,5,1.0,64,0.5007849293563579,0.046298876,0.11663679100456648
monitor_0434,gmm_completion,block,5,1.0,64,0.7628865979381443,0.027969055,0.11392233398510143
monitor_0435,gmm_completion,block,5,1.0,64,0.36202904651652285,0.06655936,0.10674883399042301
monitor_0436,gmm_completion,block,5,1.0,64,0.18411552346570398,0.028344855,0.1112290830060374
monitor_0437,gmm_completion,block,5,1.0,64,0.7617021276595745,0.033816047,0.11298600002191961
monitor_0438,gmm_completion,block,5,1.0,64,0.0,0.012180925,0.11546050000470132
monitor_0439,gmm_completion,block,5,1.0,64,0.0,0.025557943,0.11195912500261329
monitor_0440,gmm_completion,block,5,1.0,64,0.8810182623132263,0.017536663,0.10750241600908339
monitor_0441,gmm_completion,block,5,1.0,64,0.9967121486108828,0.03459063,0.10642300001927651
monitor_0442,gmm_completion,block,5,1.0,64,0.2691029900332226,0.050403275,0.11197237501619384
monitor_0443,gmm_completion,block,5,1.0,64,0.6866438356164384,0.024539584,0.11656833399320021
monitor_0444,gmm_completion,block,5,1.0,64,1.0,0.0058135665,0.11609770799987018
monitor_0445,gmm_completion,block,5,1.0,64,0.9632107023411371,0.007576578,0.11027495900634676
monitor_0446,gmm_completion,block,5,1.0,64,0.7087599544937428,0.038431976,0.11008066599606536
monitor_0447,gmm_completion,block,5,1.0,64,1.0,0.017528767,0.11172120799892582
monitor_0448,gmm_completion,block,5,1.0,64,0.6193672099712368,0.013974656,0.10662229100125842
monitor_0449,gmm_completion,block,5,1.0,64,0.7755102040816326,0.031521082,0.11049079202348366
monitor_0450,gmm_completion,block,5,1.0,64,1.0,0.014617768,0.1138566670124419
monitor_0451,gmm_completion,block,5,1.0,64,0.576672384219554,0.062565394,0.10647883301135153
monitor_0452,gmm_completion,block,5,1.0,64,0.823321554770318,0.04883027,0.11202762500033714
monitor_0453,gmm_completion,block,5,1.0,64,0.0,0.012101383,0.11253949999809265
monitor_0454,gmm_completion,block,5,1.0,64,0.3516386182462356,0.035099216,0.11328879100619815
monitor_0455,gmm_completion,block,5,1.0,64,0.0,0.042170413,0.10985029098810628
monitor_0456,gmm_completion,block,5,1.0,64,0.7242394504416094,0.040826984,0.11388491600519046
monitor_0457,gmm_completion,block,5,1.0,64,0.5527831094049904,0.01550067,0.1123091250192374
monitor_0458,gmm_completion,block,5,1.0,64,0.6573569482288828,0.059307847,0.11284433299442753
monitor_0459,gmm_completion,block,5,1.0,64,0.4155844155844156,0.042122345,0.11436875001527369
monitor_0460,gmm_completion,block,5,1.0,64,0.0,0.092072085,0.11264104099245742
monitor_0461,gmm_completion,block,5,1.0,64,1.0,0.014589165,0.1155388749903068
monitor_0462,gmm_completion,block,5,1.0,64,0.5675763482781027,0.043998633,0.10780220897868276
monitor_0463,gmm_completion,block,5,1.0,64,0.2389958734525447,0.06835439,0.11149691601167433
monitor_0464,gmm_completion,block,5,1.0,64,0.0,0.024965756,0.11365149999619462
monitor_0465,gmm_completion,block,5,1.0,64,1.0,0.028284593,0.1149444580078125
monitor_0466,gmm_completion,block,5,1.0,64,0.408955223880597,0.04432737,0.1122008330130484
monitor_0467,gmm_completion,block,5,1.0,64,0.00954653937947494,0.023188103,0.10671508399536833
monitor_0468,gmm_completion,block,5,1.0,64,0.5862068965517241,0.021911105,0.11066020801081322
monitor_0469,gmm_completion,block,5,1.0,64,0.26994359387590655,0.039734066,0.11195604200474918
monitor_0470,gmm_completion,block,5,1.0,64,1.0,0.01656373,0.11605704200337641
monitor_0471,gmm_completion,block,5,1.0,64,0.5721583652618135,0.02140782,0.11302366701420397
monitor_0472,gmm_completion,block,5,1.0,64,0.8305383936451898,0.030695273,0.11639929199009202
monitor_0473,gmm_completion,block,5,1.0,64,1.0,0.05995447,0.11683091599843465
monitor_0474,gmm_completion,block,5,1.0,64,0.33156028368794327,0.026171977,0.10994545900030062
monitor_0475,gmm_completion,block,5,1.0,64,0.0,0.012519804,0.1157401250093244
monitor_0476,gmm_completion,block,5,1.0,64,0.15164835164835164,0.036915377,0.10866199998417869
monitor_0477,gmm_completion,block,5,1.0,64,0.0,0.017073408,0.11416841598111205
monitor_0478,gmm_completion,block,5,1.0,64,1.0,0.09986667,0.11126137498649769
monitor_0479,gmm_completion,block,5,1.0,64,0.410201912858661,0.030304447,0.10699524998199195
monitor_0480,gmm_completion,block,5,1.0,64,0.6754966887417219,0.0415371,0.11162883299402893
