shape_id,method,k,iou,sdf_error
monitor_0396,pca_reconstruction,16,0.8123379282107275,0.011029418
monitor_0397,pca_reconstruction,16,0.6899724011039559,0.0145788435
monitor_0398,pca_reconstruction,16,0.8077395577395577,0.010460999
monitor_0399,pca_reconstruction,16,0.3205521472392638,0.013887198
monitor_0400,pca_reconstruction,16,0.5536040980607391,0.023036178
monitor_0401,pca_reconstruction,16,0.5447683498178032,0.01656494
monitor_0402,pca_reconstruction,16,0.5243255196815568,0.020531451
monitor_0403,pca_reconstruction,16,0.6090225563909775,0.01796739
monitor_0404,pca_reconstruction,16,0.08431614152437951,0.029749751
monitor_0405,pca_reconstruction,16,0.8212858243865718,0.041690852
monitor_0406,pca_reconstruction,16,0.6161270862658356,0.01545607
monitor_0407,pca_reconstruction,16,0.6275818639798488,0.017555699
monitor_0408,pca_reconstruction,16,0.7131738253098876,0.022702333
monitor_0409,pca_reconstruction,16,0.7801138852387209,0.018948503
monitor_0410,pca_reconstruction,16,0.7174849267872524,0.015429974
monitor_0411,pca_reconstruction,16,0.5524932003626474,0.016214285
monitor_0412,pca_reconstruction,16,0.12539184952978055,0.033646457
monitor_0413,pca_reconstruction,16,0.4328314997104806,0.027537756
monitor_0414,pca_reconstruction,16,0.7532218261584864,0.013203758
monitor_0415,pca_reconstruction,16,0.07855251544571933,0.022773324
monitor_0416,pca_reconstruction,16,0.17045454545454544,0.027729405
monitor_0417,pca_reconstruction,16,0.5618475166086682,0.0153628485
monitor_0418,pca_reconstruction,16,0.5604272062956718,0.014722588
monitor_0419,pca_reconstruction,16,0.7375610399894418,0.017038438
monitor_0420,pca_reconstruction,16,0.3267148014440433,0.017478207
monitor_0421,pca_reconstruction,16,0.6763468445356593,0.026085328
monitor_0422,pca_reconstruction,16,0.5906490432037877,0.032306686
monitor_0423,pca_reconstruction,16,0.5669446883230904,0.018796148
monitor_0424,pca_reconstruction,16,0.6500863328463276,0.022316894
monitor_0425,pca_reconstruction,16,0.6462003915287418,0.017401192
monitor_0426,pca_reconstruction,16,0.7266465256797583,0.015644133
monitor_0427,pca_reconstruction,16,0.04052631578947368,0.01378374
monitor_0428,pca_reconstruction,16,0.07387105194466197,0.0340773
monitor_0429,pca_reconstruction,16,0.56179580516554,0.016163377
monitor_0430,pca_reconstruction,16,0.07332854061826025,0.034635868
monitor_0431,pca_reconstruction,16,0.10901162790697674,0.013894903
monitor_0432,pca_reconstruction,16,0.41471709780480265,0.033158004
monitor_0433,pca_reconstruction,16,0.2445858313960602,0.03318903
monitor_0434,pca_reconstruction,16,0.7712087087087087,0.019799268
monitor_0435,pca_reconstruction,16,0.5320533164074897,0.015111495
monitor_0436,pca_reconstruction,16,0.374740442164407,0.020482311
monitor_0437,pca_reconstruction,16,0.7501643175345066,0.024298677
monitor_0438,pca_reconstruction,16,0.6479567498807441,0.014121857
monitor_0439,pca_reconstruction,16,0.04838709677419355,0.013685416
monitor_0440,pca_reconstruction,16,0.8220923047673369,0.024555795
monitor_0441,pca_reconstruction,16,0.8844958654470759,0.03224885
monitor_0442,pca_reconstruction,16,0.17430149447693308,0.021991866
monitor_0443,pca_reconstruction,16,0.7332118688183238,0.022421995
monitor_0444,pca_reconstruction,16,0.8339996801535263,0.019820463
monitor_0445,pca_reconstruction,16,0.5109229929000546,0.013551764
monitor_0446,pca_reconstruction,16,0.5934585099939431,0.027998175
monitor_0447,pca_reconstruction,16,0.6344969199178645,0.018079352
monitor_0448,pca_reconstruction,16,0.6031062586498539,0.024820639
monitor_0449,pca_reconstruction,16,0.4770851299741284,0.048641875
monitor_0450,pca_reconstruction,16,0.7414602903501281,0.012045529
monitor_0451,pca_reconstruction,16,0.7807389460932768,0.013877864
monitor_0452,pca_reconstruction,16,0.8134617465642247,0.042575054
monitor_0453,pca_reconstruction,16,0.3117420881396037,0.014654213
monitor_0454,pca_reconstruction,16,0.4475670467319737,0.020929646
monitor_0455,pca_reconstruction,16,0.08656716417910448,0.035224196
monitor_0456,pca_reconstruction,16,0.8397353570733606,0.041732654
monitor_0457,pca_reconstruction,16,0.4046941678520626,0.025389262
monitor_0458,pca_reconstruction,16,0.6521397722811151,0.033835936
monitor_0459,pca_reconstruction,16,0.10155535224153706,0.014995204
monitor_0460,pca_reconstruction,16,0.0,0.013053183
monitor_0461,pca_reconstruction,16,0.47499242194604424,0.012890077
monitor_0462,pca_reconstruction,16,0.33000344471236653,0.022082174
monitor_0463,pca_reconstruction,16,0.6197471178876905,0.012845331
monitor_0464,pca_reconstruction,16,0.0,0.022327714
monitor_0465,pca_reconstruction,16,0.8651531626110757,0.031045675
monitor_0466,pca_reconstruction,16,0.20258414420162704,0.085327156
monitor_0467,pca_reconstruction,16,0.0,0.013285564
monitor_0468,pca_reconstruction,16,0.4715460802417324,0.022267183
monitor_0469,pca_reconstruction,16,0.25750901081297556,0.032396927
monitor_0470,pca_reconstruction,16,0.6684311296317152,0.020291094
monitor_0471,pca_reconstruction,16,0.6209753342120128,0.020673657
monitor_0472,pca_reconstruction,16,0.7745430844852402,0.035945985
monitor_0473,pca_reconstruction,16,0.06305102858669516,0.027309842
monitor_0474,pca_reconstruction,16,0.4038579930227786,0.020524167
monitor_0475,pca_reconstruction,16,0.6500728187475175,0.014170833
monitor_0476,pca_reconstruction,16,0.04932094353109364,0.023193978
monitor_0477,pca_reconstruction,16,0.4150453955901427,0.011785686
monitor_0478,pca_reconstruction,16,0.6837360259646592,0.0137397805
monitor_0479,pca_reconstruction,16,0.6175713760568557,0.014669798
monitor_0480,pca_reconstruction,16,0.0009041591320072332,0.020423451
monitor_0396,pca_reconstruction,32,0.8186378035902852,0.008713417
monitor_0397,pca_reconstruction,32,0.7695584817970565,0.009291521
monitor_0398,pca_reconstruction,32,0.8192272309107635,0.008843341
monitor_0399,pca_reconstruction,32,0.5674628792769528,0.010524128
monitor_0400,pca_reconstruction,32,0.6408327501749476,0.013361035
monitor_0401,pca_reconstruction,32,0.5982581509602501,0.011868567
monitor_0402,pca_reconstruction,32,0.5570896340127109,0.0172098
monitor_0403,pca_reconstruction,32,0.6209949409780776,0.014444335
monitor_0404,pca_reconstruction,32,0.3011590003621876,0.021016799
monitor_0405,pca_reconstruction,32,0.8750252076191175,0.02996962
monitor_0406,pca_reconstruction,32,0.6636363636363637,0.01083497
monitor_0407,pca_reconstruction,32,0.7017148579296533,0.013692896
monitor_0408,pca_reconstruction,32,0.6765888978278359,0.018510813
monitor_0409,pca_reconstruction,32,0.753552473891457,0.015000765
monitor_0410,pca_reconstruction,32,0.7086070118570332,0.010314544
monitor_0411,pca_reconstruction,32,0.7272396874432128,0.0106781665
monitor_0412,pca_reconstruction,32,0.39169068203650337,0.02666957
monitor_0413,pca_reconstruction,32,0.592756183745583,0.014886106
monitor_0414,pca_reconstruction,32,0.7758205080660115,0.010031742
monitor_0415,pca_reconstruction,32,0.36777541873083275,0.017608233
monitor_0416,pca_reconstruction,32,0.3275780510879849,0.022986818
monitor_0417,pca_reconstruction,32,0.707561494078348,0.009357097
monitor_0418,pca_reconstruction,32,0.6006123016977456,0.012054043
monitor_0419,pca_reconstruction,32,0.8042433397418292,0.010870169
monitor_0420,pca_reconstruction,32,0.45946547884187083,0.013345845
monitor_0421,pca_reconstruction,32,0.7389096185737977,0.017972235
monitor_0422,pca_reconstruction,32,0.59979633401222,0.02626054
monitor_0423,pca_reconstruction,32,0.7864473991135993,0.012538146
monitor_0424,pca_reconstruction,32,0.6947148817802503,0.017872809
monitor_0425,pca_reconstruction,32,0.6715305313243457,0.012478625
monitor_0426,pca_reconstruction,32,0.7954411243651824,0.009746059
monitor_0427,pca_reconstruction,32,0.23194303153611392,0.0112813795
monitor_0428,pca_reconstruction,32,0.16856010568031704,0.02721217
monitor_0429,pca_reconstruction,32,0.6112340425531915,0.010890027
monitor_0430,pca_reconstruction,32,0.27260981912144705,0.02631649
monitor_0431,pca_reconstruction,32,0.29931972789115646,0.010022883
monitor_0432,pca_reconstruction,32,0.5908895110919664,0.022752307
monitor_0433,pca_reconstruction,32,0.3625569680978652,0.026962325
monitor_0434,pca_reconstruction,32,0.8230350050798929,0.013386519
monitor_0435,pca_reconstruction,32,0.6263657531792943,0.010198856
monitor_0436,pca_reconstruction,32,0.5164119268353796,0.015753021
monitor_0437,pca_reconstruction,32,0.8123197515344228,0.018555542
monitor_0438,pca_reconstruction,32,0.7110303830911493,0.008380749
monitor_0439,pca_reconstruction,32,0.18251533742331288,0.010731525
monitor_0440,pca_reconstruction,32,0.8673557278208441,0.017779311
monitor_0441,pca_reconstruction,32,0.9138923654568211,0.02443746
monitor_0442,pca_reconstruction,32,0.31897831897831896,0.016154867
monitor_0443,pca_reconstruction,32,0.7502401536983669,0.015915742
monitor_0444,pca_reconstruction,32,0.8010833584110744,0.010171164
monitor_0445,pca_reconstruction,32,0.517353579175705,0.010574687
monitor_0446,pca_reconstruction,32,0.6354884715949608,0.018669238
monitor_0447,pca_reconstruction,32,0.7164308403118683,0.011234374
monitor_0448,pca_reconstruction,32,0.6433287482806053,0.01329548
monitor_0449,pca_reconstruction,32,0.5986503856041131,0.032746274
monitor_0450,pca_reconstruction,32,0.705564451561249,0.00745336
monitor_0451,pca_reconstruction,32,0.7880135783682547,0.0115013635
monitor_0452,pca_reconstruction,32,0.8633550088266184,0.029163742
monitor_0453,pca_reconstruction,32,0.42173002095181084,0.008550547
monitor_0454,pca_reconstruction,32,0.5209941339919728,0.015159062
monitor_0455,pca_reconstruction,32,0.0,0.027597431
monitor_0456,pca_reconstruction,32,0.8624740843123704,0.033474848
monitor_0457,pca_reconstruction,32,0.42287944136372974,0.018566959
monitor_0458,pca_reconstruction,32,0.7124006228997624,0.025567552
monitor_0459,pca_reconstruction,32,0.4847605224963715,0.011746329
monitor_0460,pca_reconstruction,32,0.054285714285714284,0.0077548525
monitor_0461,pca_reconstruction,32,0.5252343186733959,0.010172969
monitor_0462,pca_reconstruction,32,0.5495902324803479,0.015669774
monitor_0463,pca_reconstruction,32,0.5725876057310547,0.009022524
monitor_0464,pca_reconstruction,32,0.15042210283960092,0.012741678
monitor_0465,pca_reconstruction,32,0.8789711981128486,0.026457302
monitor_0466,pca_reconstruction,32,0.22507072135785008,0.05162725
monitor_0467,pca_reconstruction,32,0.059134107708553325,0.0110605
monitor_0468,pca_reconstruction,32,0.524874843554443,0.014658035
monitor_0469,pca_reconstruction,32,0.23255309926311227,0.025581308
monitor_0470,pca_reconstruction,32,0.7084597236265588,0.013230984
monitor_0471,pca_reconstruction,32,0.6758328926493918,0.012858139
monitor_0472,pca_reconstruction,32,0.8226652967148926,0.027959399
monitor_0473,pca_reconstruction,32,0.16777100450569837,0.020006511
monitor_0474,pca_reconstruction,32,0.6044871794871794,0.014330973
monitor_0475,pca_reconstruction,32,0.7196399785061794,0.01056032
monitor_0476,pca_reconstruction,32,0.34897172236503854,0.017930485
monitor_0477,pca_reconstruction,32,0.5057979017117614,0.008685763
monitor_0478,pca_reconstruction,32,0.7601784718349136,0.0102294795
monitor_0479,pca_reconstruction,32,0.782368808239333,0.010229454
monitor_0480,pca_reconstruction,32,0.1424713031735314,0.01493847
monitor_0396,pca_reconstruction,64,0.8764261168384879,0.0062410394
monitor_0397,pca_reconstruction,64,0.8218963831867058,0.0063145845
monitor_0398,pca_reconstruction,64,0.826060788444177,0.006137877
monitor_0399,pca_reconstruction,64,0.5738678544914625,0.0073010693
monitor_0400,pca_reconstruction,64,0.6758306628436499,0.010164111
monitor_0401,pca_reconstruction,64,0.7250543609567528,0.0076434854
monitor_0402,pca_reconstruction,64,0.677098445595855,0.012344147
monitor_0403,pca_reconstruction,64,0.7015706806282722,0.010222713
monitor_0404,pca_reconstruction,64,0.4452177371246769,0.014479341
monitor_0405,pca_reconstruction,64,0.8691702328280264,0.02561165
monitor_0406,pca_reconstruction,64,0.7796223282838763,0.00874973
monitor_0407,pca_reconstruction,64,0.7590520078999342,0.009513742
monitor_0408,pca_reconstruction,64,0.6661133810010215,0.014280807
monitor_0409,pca_reconstruction,64,0.8077718809031214,0.012368886
monitor_0410,pca_reconstruction,64,0.7498028909329829,0.008242061
monitor_0411,pca_reconstruction,64,0.7805953693495039,0.0073946076
monitor_0412,pca_reconstruction,64,0.5470085470085471,0.018168544
monitor_0413,pca_reconstruction,64,0.7059009151151783,0.011291886
monitor_0414,pca_reconstruction,64,0.8051923968474733,0.007997266
monitor_0415,pca_reconstruction,64,0.47732997481108314,0.012965077
monitor_0416,pca_reconstruction,64,0.40117726964002715,0.014747448
monitor_0417,pca_reconstruction,64,0.8483234095894704,0.0073462073
monitor_0418,pca_reconstruction,64,0.7044512026541333,0.007649711
monitor_0419,pca_reconstruction,64,0.8401890919353701,0.008445868
monitor_0420,pca_reconstruction,64,0.5550377274744784,0.009393227
monitor_0421,pca_reconstruction,64,0.7523711340206185,0.014085757
monitor_0422,pca_reconstruction,64,0.6875951293759512,0.018437631
monitor_0423,pca_reconstruction,64,0.8186383276888941,0.009611166
monitor_0424,pca_reconstruction,64,0.7838187210098091,0.011965404
monitor_0425,pca_reconstruction,64,0.7483634041194316,0.009336633
monitor_0426,pca_reconstruction,64,0.8081517919887562,0.006967794
monitor_0427,pca_reconstruction,64,0.316292403248925,0.007889379
monitor_0428,pca_reconstruction,64,0.2998336897125208,0.020099113
monitor_0429,pca_reconstruction,64,0.6980614170526677,0.0071460493
monitor_0430,pca_reconstruction,64,0.17081371889710828,0.018198723
monitor_0431,pca_reconstruction,64,0.24279835390946503,0.006868678
monitor_0432,pca_reconstruction,64,0.6999023543452316,0.016081654
monitor_0433,pca_reconstruction,64,0.44668367346938775,0.019983672
monitor_0434,pca_reconstruction,64,0.8428882438316401,0.008289398
monitor_0435,pca_reconstruction,64,0.6781547298510142,0.007976199
monitor_0436,pca_reconstruction,64,0.6191430719118015,0.012223993
monitor_0437,pca_reconstruction,64,0.8411172848776093,0.014380314
monitor_0438,pca_reconstruction,64,0.7258925592258926,0.0062265694
monitor_0439,pca_reconstruction,64,0.3417109714838086,0.0071766707
monitor_0440,pca_reconstruction,64,0.9013720033201503,0.011868591
monitor_0441,pca_reconstruction,64,0.9155897915841762,0.020636408
monitor_0442,pca_reconstruction,64,0.4708480565371025,0.011044341
monitor_0443,pca_reconstruction,64,0.774070796460177,0.012471698
monitor_0444,pca_reconstruction,64,0.8769254951273184,0.0072566983
monitor_0445,pca_reconstruction,64,0.5666434054431263,0.008321714
monitor_0446,pca_reconstruction,64,0.6383210354421193,0.016730264
monitor_0447,pca_reconstruction,64,0.8423596304193319,0.006466446
monitor_0448,pca_reconstruction,64,0.7136130136986302,0.010401002
monitor_0449,pca_reconstruction,64,0.6709555221736007,0.02699331
monitor_0450,pca_reconstruction,64,0.7554121565362198,0.005337999
monitor_0451,pca_reconstruction,64,0.8023881994848981,0.0080315955
monitor_0452,pca_reconstruction,64,0.9130897563458824,0.018802878
monitor_0453,pca_reconstruction,64,0.7298316889146836,0.006492691
monitor_0454,pca_reconstruction,64,0.6511663132384126,0.010410865
monitor_0455,pca_reconstruction,64,0.1408296943231441,0.01778808
monitor_0456,pca_reconstruction,64,0.8997601439136518,0.022725312
monitor_0457,pca_reconstruction,64,0.6514156750102585,0.012988187
monitor_0458,pca_reconstruction,64,0.7833541406575114,0.016802588
monitor_0459,pca_reconstruction,64,0.6007295173961841,0.0092205
monitor_0460,pca_reconstruction,64,0.026755852842809364,0.0055563957
monitor_0461,pca_reconstruction,64,0.5417847025495751,0.007634121
monitor_0462,pca_reconstruction,64,0.6663773650407915,0.0111033
monitor_0463,pca_reconstruction,64,0.6206835799859056,0.0073721292
monitor_0464,pca_reconstruction,64,0.18394160583941604,0.009210804
monitor_0465,pca_reconstruction,64,0.9042620317788103,0.020910691
monitor_0466,pca_reconstruction,64,0.3227369645280093,0.037514504
monitor_0467,pca_reconstruction,64,0.12221041445270989,0.006403817
monitor_0468,pca_reconstruction,64,0.6391849529780564,0.010672995
monitor_0469,pca_reconstruction,64,0.3598807495741056,0.018701062
monitor_0470,pca_reconstruction,64,0.7451447634933873,0.010039616
monitor_0471,pca_reconstruction,64,0.7653832313781936,0.008255619
monitor_0472,pca_reconstruction,64,0.851824569356301,0.022524115
monitor_0473,pca_reconstruction,64,0.4842442146725751,0.013861954
monitor_0474,pca_reconstruction,64,0.6797969543147208,0.00961609
monitor_0475,pca_reconstruction,64,0.7355963064117571,0.007080794
monitor_0476,pca_reconstruction,64,0.4592213697073032,0.013039143
monitor_0477,pca_reconstruction,64,0.6050269299820467,0.0058262805
monitor_0478,pca_reconstruction,64,0.8803955124548393,0.0070588733
monitor_0479,pca_reconstruction,64,0.8431889516635279,0.007281709
monitor_0480,pca_reconstruction,64,0.1153054221002059,0.0110320365
