shape_id,method,mask_type,lam,k,iou,sdf_error,solve_time_s
monitor_0396,pca_completion,halfspace,0.0,64,0.35497166409067493,0.05910737,0.038618708989815786
monitor_0397,pca_completion,halfspace,0.0,64,0.3731868131868132,0.10630832,0.059331500000553206
monitor_0398,pca_completion,halfspace,0.0,64,0.6718390804597701,0.042518437,0.03366391599411145
monitor_0399,pca_completion,halfspace,0.0,64,0.6352558895207149,0.046018463,0.03764829199644737
monitor_0400,pca_completion,halfspace,0.0,64,0.2834168204587398,0.07768318,0.041949290985940024
monitor_0401,pca_completion,halfspace,0.0,64,0.6301174795300819,0.059281256,0.04424083299818449
monitor_0402,pca_completion,halfspace,0.0,64,0.3153806317969964,0.076076224,0.059914916986599565
monitor_0403,pca_completion,halfspace,0.0,64,0.5720742534301856,0.06954297,0.02775291699799709
monitor_0404,pca_completion,halfspace,0.0,64,0.1355770540945633,0.06258471,0.0399244999862276
monitor_0405,pca_completion,halfspace,0.0,64,0.5862037871956718,0.20677501,0.059072042000479996
monitor_0406,pca_completion,halfspace,0.0,64,0.3358292774241857,0.04726408,0.03966070801834576
monitor_0407,pca_completion,halfspace,0.0,64,0.43333333333333335,0.046626285,0.08288879200699739
monitor_0408,pca_completion,halfspace,0.0,64,0.1977763523626256,0.09042813,0.049698165996233
monitor_0409,pca_completion,halfspace,0.0,64,0.47040545661235317,0.08833464,0.031328082986874506
monitor_0410,pca_completion,halfspace,0.0,64,0.3234524847428073,0.03948909,0.08230508299311623
monitor_0411,pca_completion,halfspace,0.0,64,0.43092923355188784,0.058507476,0.02945520801586099
monitor_0412,pca_completion,halfspace,0.0,64,0.07778255264288784,0.16663297,0.054008209001040086
monitor_0413,pca_completion,halfspace,0.0,64,0.5322283609576427,0.064698204,0.040734667010838166
monitor_0414,pca_completion,halfspace,0.0,64,0.5845633039945836,0.05006489,0.030159750021994114
monitor_0415,pca_completion,halfspace,0.0,64,0.31562588301780165,0.081041865,0.048709249997045845
monitor_0416,pca_completion,halfspace,0.0,64,0.09584837545126354,0.19891034,0.03150391599046998
monitor_0417,pca_completion,halfspace,0.0,64,0.24022346368715083,0.13174981,0.06917862498085015
monitor_0418,pca_completion,halfspace,0.0,64,0.6499824991249562,0.05437123,0.039181250002002344
monitor_0419,pca_completion,halfspace,0.0,64,0.4738276990185387,0.03902321,0.09334491699701175
monitor_0420,pca_completion,halfspace,0.0,64,0.1381692573402418,0.031047866,0.063802124990616
monitor_0421,pca_completion,halfspace,0.0,64,0.4110881067402807,0.07445819,0.05833791600889526
monitor_0422,pca_completion,halfspace,0.0,64,0.1977204000930449,0.15917611,0.03471312500187196
monitor_0423,pca_completion,halfspace,0.0,64,0.2331480194579569,0.051161665,0.0906939999840688
monitor_0424,pca_completion,halfspace,0.0,64,0.5085227272727273,0.08355055,0.04647341600502841
monitor_0425,pca_completion,halfspace,0.0,64,0.40122414520894895,0.052578326,0.02900412498274818
monitor_0426,pca_completion,halfspace,0.0,64,0.36878612716763004,0.020787561,0.08532795900828205
monitor_0427,pca_completion,halfspace,0.0,64,0.23986228003060445,0.076364815,0.05093333299737424
monitor_0428,pca_completion,halfspace,0.0,64,0.18059056535830031,0.08835366,0.03187725000316277
monitor_0429,pca_completion,halfspace,0.0,64,0.4163096695226438,0.046560388,0.03125779199763201
monitor_0430,pca_completion,halfspace,0.0,64,0.24537037037037038,0.061368592,0.08737812499748543
monitor_0431,pca_completion,halfspace,0.0,64,0.0,0.027148286,0.08367495800484903
monitor_0432,pca_completion,halfspace,0.0,64,0.36584890965732086,0.12673287,0.06334495797636919
monitor_0433,pca_completion,halfspace,0.0,64,0.09666751462732129,0.08244384,0.08165600002394058
monitor_0434,pca_completion,halfspace,0.0,64,0.6748489425981873,0.068314806,0.07503054200788029
monitor_0435,pca_completion,halfspace,0.0,64,0.36926553672316387,0.078926034,0.028122417017584667
monitor_0436,pca_completion,halfspace,0.0,64,0.20949214026602175,0.15273441,0.05340904099284671
monitor_0437,pca_completion,halfspace,0.0,64,0.538246409674981,0.16548367,0.046546375000616536
monitor_0438,pca_completion,halfspace,0.0,64,0.4678111587982833,0.021005359,0.08459466701606289
monitor_0439,pca_completion,halfspace,0.0,64,0.37293233082706767,0.056612596,0.05412054099724628
monitor_0440,pca_completion,halfspace,0.0,64,0.6102345107122177,0.083454035,0.04378008298226632
monitor_0441,pca_completion,halfspace,0.0,64,0.6638053717048047,0.16684918,0.029307791992323473
monitor_0442,pca_completion,halfspace,0.0,64,0.36905428091773923,0.1262166,0.05385883399867453
monitor_0443,pca_completion,halfspace,0.0,64,0.20633187772925765,0.046464264,0.08358500001486391
monitor_0444,pca_completion,halfspace,0.0,64,0.5052023121387283,0.03345155,0.08144924999214709
monitor_0445,pca_completion,halfspace,0.0,64,0.0,0.06401192,0.08840512501774356
monitor_0446,pca_completion,halfspace,0.0,64,0.1484806629834254,0.1448815,0.03833345900056884
monitor_0447,pca_completion,halfspace,0.0,64,0.5764192139737991,0.04647772,0.06375829200260341
monitor_0448,pca_completion,halfspace,0.0,64,0.5476684915990183,0.06098691,0.027115792006952688
monitor_0449,pca_completion,halfspace,0.0,64,0.4120195779507342,0.15393174,0.03931045898934826
monitor_0450,pca_completion,halfspace,0.0,64,0.4839151266255989,0.04283793,0.06822554199607112
monitor_0451,pca_completion,halfspace,0.0,64,0.6572615296476654,0.043927558,0.026973708998411894
monitor_0452,pca_completion,halfspace,0.0,64,0.7684703160330231,0.07165453,0.06693404199904762
monitor_0453,pca_completion,halfspace,0.0,64,0.09340659340659341,0.02641576,0.0994053750182502
monitor_0454,pca_completion,halfspace,0.0,64,0.2687556492919554,0.0774751,0.059970000002067536
monitor_0455,pca_completion,halfspace,0.0,64,0.15551537070524413,0.089893654,0.04147604200989008
monitor_0456,pca_completion,halfspace,0.0,64,0.5925733382844411,0.082057424,0.08167250000406057
monitor_0457,pca_completion,halfspace,0.0,64,0.10374261326329613,0.10672891,0.0611752079857979
monitor_0458,pca_completion,halfspace,0.0,64,0.5838287752675386,0.117887326,0.061291374993743375
monitor_0459,pca_completion,halfspace,0.0,64,0.37915936952714535,0.040901963,0.062674041982973
monitor_0460,pca_completion,halfspace,0.0,64,0.06417112299465241,0.028787017,0.05715137498918921
monitor_0461,pca_completion,halfspace,0.0,64,0.14285714285714285,0.040775254,0.07987816701643169
monitor_0462,pca_completion,halfspace,0.0,64,0.3068181818181818,0.081988506,0.029742333019385114
monitor_0463,pca_completion,halfspace,0.0,64,0.2615908124202467,0.10016972,0.04091591699398123
monitor_0464,pca_completion,halfspace,0.0,64,0.10759219088937093,0.0491153,0.06126975000370294
monitor_0465,pca_completion,halfspace,0.0,64,0.6269540283045046,0.12398916,0.09049137498368509
monitor_0466,pca_completion,halfspace,0.0,64,0.04589371980676329,0.22796527,0.048431667004479095
monitor_0467,pca_completion,halfspace,0.0,64,0.21071428571428572,0.06423563,0.029500499978894368
monitor_0468,pca_completion,halfspace,0.0,64,0.5362176977290525,0.08415687,0.029392333992291242
monitor_0469,pca_completion,halfspace,0.0,64,0.20163294284700037,0.15953423,0.036440541996853426
monitor_0470,pca_completion,halfspace,0.0,64,0.15833701901813357,0.06690476,0.07901124999625608
monitor_0471,pca_completion,halfspace,0.0,64,0.3635929288103201,0.07541118,0.04917441599536687
monitor_0472,pca_completion,halfspace,0.0,64,0.4945142311973287,0.15372643,0.05168362500262447
monitor_0473,pca_completion,halfspace,0.0,64,0.08353510895883777,0.048854724,0.08735641598468646
monitor_0474,pca_completion,halfspace,0.0,64,0.40690250215703194,0.09360588,0.040932417003205046
monitor_0475,pca_completion,halfspace,0.0,64,0.42,0.035471264,0.08471879200078547
monitor_0476,pca_completion,halfspace,0.0,64,0.3453573814295257,0.13853385,0.03128158298204653
monitor_0477,pca_completion,halfspace,0.0,64,0.1111111111111111,0.040355787,0.08727787501993589
monitor_0478,pca_completion,halfspace,0.0,64,0.4677086911714188,0.1123037,0.04201950001879595
monitor_0479,pca_completion,halfspace,0.0,64,0.599504132231405,0.05023039,0.0411877500009723
monitor_0480,pca_completion,halfspace,0.0,64,0.0011668611435239206,0.052832246,0.047143417003098875
monitor_0396,pca_completion,halfspace,1.0,64,0.8145025295109612,0.026168197,0.00816124997800216
monitor_0397,pca_completion,halfspace,1.0,64,0.5963345864661654,0.06632446,0.011302458005957305
monitor_0398,pca_completion,halfspace,1.0,64,0.813563115487914,0.030496709,0.008102708001388237
monitor_0399,pca_completion,halfspace,1.0,64,0.6743215031315241,0.06739094,0.008789957995759323
monitor_0400,pca_completion,halfspace,1.0,64,0.6435439560439561,0.04876241,0.010209667001618072
monitor_0401,pca_completion,halfspace,1.0,64,0.5239234449760766,0.03423911,0.010098625003593042
monitor_0402,pca_completion,halfspace,1.0,64,0.4026548672566372,0.053811308,0.012278207985218614
monitor_0403,pca_completion,halfspace,1.0,64,0.517948717948718,0.054636106,0.007595792005304247
monitor_0404,pca_completion,halfspace,1.0,64,0.04706820901475867,0.058125276,0.009850542002823204
monitor_0405,pca_completion,halfspace,1.0,64,0.7258306100217865,0.07985946,0.011487916024634615
monitor_0406,pca_completion,halfspace,1.0,64,0.6229849193967759,0.035027016,0.009803209017263725
monitor_0407,pca_completion,halfspace,1.0,64,0.11331133113311331,0.044989165,0.014164457999868318
monitor_0408,pca_completion,halfspace,1.0,64,0.47866256049274086,0.05868414,0.010543666983721778
monitor_0409,pca_completion,halfspace,1.0,64,0.7208452908948604,0.032667816,0.007668499980354682
monitor_0410,pca_completion,halfspace,1.0,64,0.2397935241670577,0.037379142,0.013983332988573238
monitor_0411,pca_completion,halfspace,1.0,64,0.5163352272727273,0.029820943,0.007496917009120807
monitor_0412,pca_completion,halfspace,1.0,64,0.0,0.10450707,0.0118199170101434
monitor_0413,pca_completion,halfspace,1.0,64,0.061925199264255056,0.06127805,0.009810542018385604
monitor_0414,pca_completion,halfspace,1.0,64,0.6692869174620999,0.04774305,0.007955790992127731
monitor_0415,pca_completion,halfspace,1.0,64,0.16770186335403728,0.050376125,0.010834290995262563
monitor_0416,pca_completion,halfspace,1.0,64,0.06857142857142857,0.046020582,0.007873208000091836
monitor_0417,pca_completion,halfspace,1.0,64,0.3808695652173913,0.09650174,0.012865583994425833
monitor_0418,pca_completion,halfspace,1.0,64,0.5482942868886149,0.0317671,0.009353375004138798
monitor_0419,pca_completion,halfspace,1.0,64,0.3890473474044495,0.045869384,0.015146874997299165
monitor_0420,pca_completion,halfspace,1.0,64,0.006108735491753207,0.034090836,0.012273291999008507
monitor_0421,pca_completion,halfspace,1.0,64,0.4730565371024735,0.05033256,0.010814333014423028
monitor_0422,pca_completion,halfspace,1.0,64,0.6261954261954262,0.090344734,0.007890375010902062
monitor_0423,pca_completion,halfspace,1.0,64,0.024830699774266364,0.049150128,0.015568292001262307
monitor_0424,pca_completion,halfspace,1.0,64,0.5542239111370945,0.04652342,0.010539084003539756
monitor_0425,pca_completion,halfspace,1.0,64,0.5504021447721179,0.037921395,0.0075736249855253845
monitor_0426,pca_completion,halfspace,1.0,64,0.3077753779697624,0.037463058,0.01451716700103134
monitor_0427,pca_completion,halfspace,1.0,64,0.0,0.019818777,0.010720167018007487
monitor_0428,pca_completion,halfspace,1.0,64,0.0,0.0581706,0.007781583000905812
monitor_0429,pca_completion,halfspace,1.0,64,0.5560026827632462,0.027872046,0.007461333007086068
monitor_0430,pca_completion,halfspace,1.0,64,0.2547452547452547,0.057783477,0.014970874995924532
monitor_0431,pca_completion,halfspace,1.0,64,0.0,0.02910544,0.014705542009323835
monitor_0432,pca_completion,halfspace,1.0,64,0.22401847575057737,0.048970155,0.012448916997527704
monitor_0433,pca_completion,halfspace,1.0,64,0.05026109660574413,0.091144495,0.014142082975013182
monitor_0434,pca_completion,halfspace,1.0,64,0.4084451460142068,0.037913244,0.013822790991980582
monitor_0435,pca_completion,halfspace,1.0,64,0.5293652363061103,0.024035934,0.007392457977402955
monitor_0436,pca_completion,halfspace,1.0,64,0.22486689633573442,0.04043749,0.011282417020993307
monitor_0437,pca_completion,halfspace,1.0,64,0.7663332098308016,0.038216177,0.010441374994115904
monitor_0438,pca_completion,halfspace,1.0,64,0.3223981900452489,0.023335047,0.01487920799991116
monitor_0439,pca_completion,halfspace,1.0,64,0.06680584551148225,0.030674031,0.010958999977447093
monitor_0440,pca_completion,halfspace,1.0,64,0.6147123706091974,0.05882134,0.010228125000139698
monitor_0441,pca_completion,halfspace,1.0,64,0.8588439985538684,0.038589567,0.007853917020838708
monitor_0442,pca_completion,halfspace,1.0,64,0.11082307193778354,0.039650306,0.011673750006593764
monitor_0443,pca_completion,halfspace,1.0,64,0.15248796147672553,0.055725846,0.01438274999964051
monitor_0444,pca_completion,halfspace,1.0,64,0.31211180124223603,0.044912912,0.014376459002960473
monitor_0445,pca_completion,halfspace,1.0,64,0.0,0.047574133,0.01500258399755694
monitor_0446,pca_completion,halfspace,1.0,64,0.4669499527856468,0.03532358,0.009508124989224598
monitor_0447,pca_completion,halfspace,1.0,64,0.42463235294117646,0.028762192,0.012513708003098145
monitor_0448,pca_completion,halfspace,1.0,64,0.632957820277705,0.038331356,0.007286624982953072
monitor_0449,pca_completion,halfspace,1.0,64,0.3286179523712599,0.123730145,0.0092878750001546
monitor_0450,pca_completion,halfspace,1.0,64,0.5841816758026624,0.03401331,0.01261766700190492
monitor_0451,pca_completion,halfspace,1.0,64,0.5907423580786026,0.021154331,0.007464958005584776
monitor_0452,pca_completion,halfspace,1.0,64,0.7659343794579173,0.073620215,0.012075375008862466
monitor_0453,pca_completion,halfspace,1.0,64,0.036734693877551024,0.032221213,0.015150082996115088
monitor_0454,pca_completion,halfspace,1.0,64,0.22948438634713145,0.046214562,0.0109774160082452
monitor_0455,pca_completion,halfspace,1.0,64,0.0,0.07620665,0.009390542021719739
monitor_0456,pca_completion,halfspace,1.0,64,0.6141505553270259,0.056717336,0.012776416988344863
monitor_0457,pca_completion,halfspace,1.0,64,0.12703190848886214,0.06948549,0.011870249989442527
monitor_0458,pca_completion,halfspace,1.0,64,0.4350021958717611,0.06315931,0.01179483300074935
monitor_0459,pca_completion,halfspace,1.0,64,0.24053581828771112,0.060488213,0.011819749983260408
monitor_0460,pca_completion,halfspace,1.0,64,0.0,0.031694077,0.010663541994290426
monitor_0461,pca_completion,halfspace,1.0,64,0.0,0.05199964,0.012931042001582682
monitor_0462,pca_completion,halfspace,1.0,64,0.3193843193843194,0.043754302,0.007672833016840741
monitor_0463,pca_completion,halfspace,1.0,64,0.5551354757403907,0.027601006,0.009832292009377852
monitor_0464,pca_completion,halfspace,1.0,64,0.0,0.038925916,0.011286875000223517
monitor_0465,pca_completion,halfspace,1.0,64,0.6994722710860105,0.044349536,0.015010750008514151
monitor_0466,pca_completion,halfspace,1.0,64,0.0853271836264053,0.16642866,0.010212541004875675
monitor_0467,pca_completion,halfspace,1.0,64,0.0,0.06106606,0.007431083009578288
monitor_0468,pca_completion,halfspace,1.0,64,0.028578013367135283,0.07346186,0.007267124979989603
monitor_0469,pca_completion,halfspace,1.0,64,0.27661633759194737,0.054568212,0.008755584014579654
monitor_0470,pca_completion,halfspace,1.0,64,0.20101137800252844,0.06381097,0.012842791998991743
monitor_0471,pca_completion,halfspace,1.0,64,0.6200345423143351,0.03747338,0.010053791018435732
monitor_0472,pca_completion,halfspace,1.0,64,0.7478196128483301,0.042435236,0.010588458011625335
monitor_0473,pca_completion,halfspace,1.0,64,0.005934718100890208,0.03917924,0.015564666013233364
monitor_0474,pca_completion,halfspace,1.0,64,0.4757648676521141,0.03035993,0.01003649999620393
monitor_0475,pca_completion,halfspace,1.0,64,0.2105820105820106,0.024130475,0.014743332983925939
monitor_0476,pca_completion,halfspace,1.0,64,0.4437869822485207,0.08794781,0.007895999995525926
monitor_0477,pca_completion,halfspace,1.0,64,0.0,0.04054385,0.014799458993365988
monitor_0478,pca_completion,halfspace,1.0,64,0.5863104172921044,0.07274202,0.009946249978384003
monitor_0479,pca_completion,halfspace,1.0,64,0.5131322957198443,0.027128216,0.009540458006085828
monitor_0480,pca_completion,halfspace,1.0,64,0.0,0.07607842,0.010473875008756295
monitor_0396,pca_completion,block,0.0,64,0.8825182686902754,0.012425408,0.11751424998510629
monitor_0397,pca_completion,block,0.0,64,0.8047808764940239,0.010581082,0.1378210420079995
monitor_0398,pca_completion,block,0.0,64,0.846815834767642,0.008858132,0.11395537501084618
monitor_0399,pca_completion,block,0.0,64,1.0,0.009803913,0.12760237499605864
monitor_0400,pca_completion,block,0.0,64,0.6244239631336406,0.014074,0.11813020799309015
monitor_0401,pca_completion,block,0.0,64,0.8211382113821138,0.0075999666,0.11793416601722129
monitor_0402,pca_completion,block,0.0,64,0.6486090775988287,0.02287224,0.1353417909995187
monitor_0403,pca_completion,block,0.0,64,0.7721198988804623,0.016020367,0.1254837089800276
monitor_0404,pca_completion,block,0.0,64,0.32727272727272727,0.01243187,0.11767033298383467
monitor_0405,pca_completion,block,0.0,64,0.815267175572519,0.02943312,0.1354251670127269
monitor_0406,pca_completion,block,0.0,64,1.0,0.0150510715,0.12876333299209364
monitor_0407,pca_completion,block,0.0,64,1.0,0.005694854,0.14337933299248107
monitor_0408,pca_completion,block,0.0,64,0.7974472807991121,0.012986369,0.13219708399265073
monitor_0409,pca_completion,block,0.0,64,0.5285714285714286,0.017199907,0.11385420800070278
monitor_0410,pca_completion,block,0.0,64,1.0,0.009345922,0.13700024998979643
monitor_0411,pca_completion,block,0.0,64,0.8466117216117216,0.013258863,0.12481629199464805
monitor_0412,pca_completion,block,0.0,64,0.20419847328244276,0.03402757,0.12095083299209364
monitor_0413,pca_completion,block,0.0,64,0.6858108108108109,0.01505658,0.1179456670070067
monitor_0414,pca_completion,block,0.0,64,0.9354619565217391,0.010192696,0.1141525839921087
monitor_0415,pca_completion,block,0.0,64,0.47065101387406616,0.01462982,0.13554716599173844
monitor_0416,pca_completion,block,0.0,64,0.31887456037514655,0.017839966,0.11654958399594761
monitor_0417,pca_completion,block,0.0,64,0.2777777777777778,0.011227824,0.1412180420011282
monitor_0418,pca_completion,block,0.0,64,0.6880877742946708,0.014468828,0.13012945800437592
monitor_0419,pca_completion,block,0.0,64,0.8597014925373134,0.007994902,0.13402466700063087
monitor_0420,pca_completion,block,0.0,64,0.6403785488958991,0.008429702,0.1282248749921564
monitor_0421,pca_completion,block,0.0,64,0.608421052631579,0.019422924,0.12217362498631701
monitor_0422,pca_completion,block,0.0,64,0.5863309352517986,0.047787845,0.1148831250029616
monitor_0423,pca_completion,block,0.0,64,1.0,0.017560082,0.13004008299321868
monitor_0424,pca_completion,block,0.0,64,0.865021770682148,0.018185979,0.13364200000069104
monitor_0425,pca_completion,block,0.0,64,0.8099808061420346,0.008391349,0.12648716600961052
monitor_0426,pca_completion,block,0.0,64,0.0,0.00733721,0.13926024999818765
monitor_0427,pca_completion,block,0.0,64,0.22972972972972974,0.013647302,0.12018437500228174
monitor_0428,pca_completion,block,0.0,64,0.3586156111929308,0.025418093,0.11475045798579231
monitor_0429,pca_completion,block,0.0,64,0.7076991942703671,0.009080749,0.11381679199985228
monitor_0430,pca_completion,block,0.0,64,1.0,0.010876121,0.12668320798547938
monitor_0431,pca_completion,block,0.0,64,0.16901408450704225,0.0070854006,0.1401771669916343
monitor_0432,pca_completion,block,0.0,64,0.16161616161616163,0.014134981,0.125904124986846
monitor_0433,pca_completion,block,0.0,64,0.6046511627906976,0.02840027,0.13892379199387506
monitor_0434,pca_completion,block,0.0,64,0.8729323308270677,0.013329139,0.12580670800525695
monitor_0435,pca_completion,block,0.0,64,0.6243713733075436,0.014512878,0.1258343329827767
monitor_0436,pca_completion,block,0.0,64,0.1968503937007874,0.022529438,0.12204324998310767
monitor_0437,pca_completion,block,0.0,64,0.8061002178649237,0.014583396,0.13287987498915754
monitor_0438,pca_completion,block,0.0,64,1.0,0.0074544847,0.13926020901999436
monitor_0439,pca_completion,block,0.0,64,0.4717741935483871,0.015092052,0.12160179199418053
monitor_0440,pca_completion,block,0.0,64,0.9377203290246768,0.012358816,0.11788045801222324
monitor_0441,pca_completion,block,0.0,64,0.995726144489192,0.0283902,0.1256645829998888
monitor_0442,pca_completion,block,0.0,64,0.4980237154150198,0.01617828,0.12141437499667518
monitor_0443,pca_completion,block,0.0,64,0.8322851153039832,0.01628588,0.13872729099239223
monitor_0444,pca_completion,block,0.0,64,1.0,0.0055829063,0.1408839999930933
monitor_0445,pca_completion,block,0.0,64,0.6990521327014217,0.0063883597,0.12786712500383146
monitor_0446,pca_completion,block,0.0,64,0.7509834775767112,0.027217304,0.12985666701570153
monitor_0447,pca_completion,block,0.0,64,1.0,0.0072506643,0.1264744589861948
monitor_0448,pca_completion,block,0.0,64,0.7180417044424298,0.009597972,0.1251352080143988
monitor_0449,pca_completion,block,0.0,64,0.6951672862453532,0.021936497,0.12798750001820736
monitor_0450,pca_completion,block,0.0,64,1.0,0.003478526,0.13798254099674523
monitor_0451,pca_completion,block,0.0,64,0.8306148055207027,0.0069529205,0.12585691700223833
monitor_0452,pca_completion,block,0.0,64,0.9282218597063622,0.032398656,0.12557124998420477
monitor_0453,pca_completion,block,0.0,64,0.0,0.005133323,0.12710191597579978
monitor_0454,pca_completion,block,0.0,64,0.8126410835214447,0.010841272,0.1245075830083806
monitor_0455,pca_completion,block,0.0,64,0.0,0.018737886,0.13161666700034402
monitor_0456,pca_completion,block,0.0,64,0.6065773447015834,0.03372323,0.128515124990372
monitor_0457,pca_completion,block,0.0,64,0.7590870667793744,0.011079584,0.1390197500004433
monitor_0458,pca_completion,block,0.0,64,0.7832167832167832,0.02866508,0.13648449999163859
monitor_0459,pca_completion,block,0.0,64,0.6655518394648829,0.008679869,0.13810233399271965
monitor_0460,pca_completion,block,0.0,64,1.0,0.0066846157,0.1207063749898225
monitor_0461,pca_completion,block,0.0,64,1.0,0.0068563325,0.12639499999932013
monitor_0462,pca_completion,block,0.0,64,0.6878777106292214,0.018053744,0.126548542000819
monitor_0463,pca_completion,block,0.0,64,0.3834757834757835,0.018939931,0.1291490420117043
monitor_0464,pca_completion,block,0.0,64,0.0,0.009384711,0.13575674997991882
monitor_0465,pca_completion,block,0.0,64,1.0,0.025754504,0.12743675001547672
monitor_0466,pca_completion,block,0.0,64,0.38091822094691535,0.04350459,0.13035133300581947
monitor_0467,pca_completion,block,0.0,64,0.12126865671641791,0.0076157856,0.12583775000530295
monitor_0468,pca_completion,block,0.0,64,0.5815450643776824,0.028668951,0.12479087500832975
monitor_0469,pca_completion,block,0.0,64,0.31984435797665367,0.030118586,0.12967645798926242
monitor_0470,pca_completion,block,0.0,64,1.0,0.0090333745,0.12557395800831728
monitor_0471,pca_completion,block,0.0,64,0.5832187070151307,0.013434141,0.1326006249873899
monitor_0472,pca_completion,block,0.0,64,0.8285590277777778,0.03180188,0.12084575000335462
monitor_0473,pca_completion,block,0.0,64,1.0,0.01734574,0.12739162499201484
monitor_0474,pca_completion,block,0.0,64,0.6453846153846153,0.013676274,0.11777358301333152
monitor_0475,pca_completion,block,0.0,64,0.0,0.009072371,0.13719704101094976
monitor_0476,pca_completion,block,0.0,64,0.1955193482688391,0.023543045,0.11453058401821181
monitor_0477,pca_completion,block,0.0,64,0.4626865671641791,0.007638316,0.12669666699366644
monitor_0478,pca_completion,block,0.0,64,1.0,0.007127522,0.1191664999932982
monitor_0479,pca_completion,block,0.0,64,0.6661863592699327,0.017216507,0.11883845800184645
monitor_0480,pca_completion,block,0.0,64,0.05069124423963134,0.0092094615,0.13222512500942685
monitor_0396,pca_completion,block,1.0,64,0.9030470914127424,0.014151173,0.01769891698495485
monitor_0397,pca_completion,block,1.0,64,0.7943078913324709,0.0113217225,0.018127832998288795
monitor_0398,pca_completion,block,1.0,64,0.8288707799767171,0.0100796055,0.017290459014475346
monitor_0399,pca_completion,block,1.0,64,1.0,0.012294883,0.018208792025689036
monitor_0400,pca_completion,block,1.0,64,0.7209944751381215,0.0150474645,0.01778629099135287
monitor_0401,pca_completion,block,1.0,64,0.7725245316681534,0.0065135914,0.017596707999473438
monitor_0402,pca_completion,block,1.0,64,0.4562607204116638,0.022838758,0.017976083006942645
monitor_0403,pca_completion,block,1.0,64,0.7932674716428832,0.01748679,0.017584375018486753
monitor_0404,pca_completion,block,1.0,64,0.3134057971014493,0.012837767,0.01747387499199249
monitor_0405,pca_completion,block,1.0,64,0.7847730600292826,0.03418407,0.018489790993044153
monitor_0406,pca_completion,block,1.0,64,1.0,0.015603201,0.01794404099928215
monitor_0407,pca_completion,block,1.0,64,1.0,0.003998467,0.018800290999934077
monitor_0408,pca_completion,block,1.0,64,0.8490338164251208,0.013851942,0.01805500002228655
monitor_0409,pca_completion,block,1.0,64,0.5275482093663911,0.018921275,0.017676666990155354
monitor_0410,pca_completion,block,1.0,64,1.0,0.00853476,0.018963082984555513
monitor_0411,pca_completion,block,1.0,64,0.8288939051918736,0.014330768,0.017574749974301085
monitor_0412,pca_completion,block,1.0,64,0.08536585365853659,0.0422569,0.018402290996164083
monitor_0413,pca_completion,block,1.0,64,0.508833922261484,0.017899804,0.01780804098234512
monitor_0414,pca_completion,block,1.0,64,0.93234100135318,0.010300173,0.01753133299644105
monitor_0415,pca_completion,block,1.0,64,0.39386503067484663,0.017701585,0.018015166016994044
monitor_0416,pca_completion,block,1.0,64,0.13860716700473294,0.019885309,0.01735320800798945
monitor_0417,pca_completion,block,1.0,64,0.3389830508474576,0.01189806,0.01887387500028126
monitor_0418,pca_completion,block,1.0,64,0.7194805194805195,0.015672626,0.018040833005215973
monitor_0419,pca_completion,block,1.0,64,0.7461139896373057,0.007212493,0.019200374983483925
monitor_0420,pca_completion,block,1.0,64,0.6071428571428571,0.009111661,0.01838954200502485
monitor_0421,pca_completion,block,1.0,64,0.6263736263736264,0.024561543,0.017966458020964637
monitor_0422,pca_completion,block,1.0,64,0.6210526315789474,0.047323663,0.017544000002089888
monitor_0423,pca_completion,block,1.0,64,1.0,0.019038526,0.018600375013193116
monitor_0424,pca_completion,block,1.0,64,0.8590243902439024,0.02337835,0.01810183300403878
monitor_0425,pca_completion,block,1.0,64,0.8350810295519543,0.00660671,0.01798958401195705
monitor_0426,pca_completion,block,1.0,64,0.0,0.0055833077,0.019060916994931176
monitor_0427,pca_completion,block,1.0,64,0.1,0.013910817,0.01871700002811849
monitor_0428,pca_completion,block,1.0,64,0.21380090497737556,0.02153003,0.017888582980958745
monitor_0429,pca_completion,block,1.0,64,0.7484545886828341,0.009748187,0.017413666006177664
monitor_0430,pca_completion,block,1.0,64,1.0,0.0074179913,0.01813329101423733
monitor_0431,pca_completion,block,1.0,64,0.176056338028169,0.00800424,0.019556791987270117
monitor_0432,pca_completion,block,1.0,64,0.11510791366906475,0.018385233,0.018494625022867694
monitor_0433,pca_completion,block,1.0,64,0.36486486486486486,0.03717636,0.019185417011613026
monitor_0434,pca_completion,block,1.0,64,0.8783359497645212,0.016502481,0.018625333003001288
monitor_0435,pca_completion,block,1.0,64,0.5704626334519572,0.016092438,0.017115166992880404
monitor_0436,pca_completion,block,1.0,64,0.20580474934036938,0.02283907,0.018402499990770593
monitor_0437,pca_completion,block,1.0,64,0.7819383259911894,0.020492718,0.018114500009687617
monitor_0438,pca_completion,block,1.0,64,1.0,0.0058122333,0.019195875007426366
monitor_0439,pca_completion,block,1.0,64,0.16122004357298475,0.015639082,0.017939209006726742
monitor_0440,pca_completion,block,1.0,64,0.8987129266927812,0.015192895,0.017312291980488226
monitor_0441,pca_completion,block,1.0,64,0.998191830360812,0.025211636,0.017385874991305172
monitor_0442,pca_completion,block,1.0,64,0.2,0.016415767,0.018205624975962564
monitor_0443,pca_completion,block,1.0,64,0.8231441048034934,0.018008227,0.018854750000173226
monitor_0444,pca_completion,block,1.0,64,1.0,0.005973616,0.01908691698918119
monitor_0445,pca_completion,block,1.0,64,0.7532133676092545,0.0073361434,0.01880204101325944
monitor_0446,pca_completion,block,1.0,64,0.7293436293436294,0.026562462,0.017844416986918077
monitor_0447,pca_completion,block,1.0,64,1.0,0.009513466,0.018170875002397224
monitor_0448,pca_completion,block,1.0,64,0.7347319347319348,0.010482579,0.017010417010169476
monitor_0449,pca_completion,block,1.0,64,0.8539325842696629,0.027752697,0.017480457987403497
monitor_0450,pca_completion,block,1.0,64,1.0,0.0029282845,0.018115207989467308
monitor_0451,pca_completion,block,1.0,64,0.8877163360067539,0.0065589235,0.01689004199579358
monitor_0452,pca_completion,block,1.0,64,0.9056203605514316,0.027748788,0.018148917006328702
monitor_0453,pca_completion,block,1.0,64,1.0,0.003963429,0.018703916983213276
monitor_0454,pca_completion,block,1.0,64,0.8085539714867617,0.008538578,0.018272582994541153
monitor_0455,pca_completion,block,1.0,64,0.0,0.016718067,0.018191207986092195
monitor_0456,pca_completion,block,1.0,64,0.7463026166097838,0.03393017,0.018582165997941047
monitor_0457,pca_completion,block,1.0,64,0.875,0.00952519,0.019274166988907382
monitor_0458,pca_completion,block,1.0,64,0.7294117647058823,0.03749918,0.018332457984797657
monitor_0459,pca_completion,block,1.0,64,0.5366795366795367,0.007570906,0.018212666996987537
monitor_0460,pca_completion,block,1.0,64,1.0,0.008691824,0.01819383300608024
monitor_0461,pca_completion,block,1.0,64,1.0,0.0050158943,0.018480375001672655
monitor_0462,pca_completion,block,1.0,64,0.6496296296296297,0.018436182,0.016850332991452888
monitor_0463,pca_completion,block,1.0,64,0.4010416666666667,0.020933282,0.0181230420130305
monitor_0464,pca_completion,block,1.0,64,0.0,0.010907696,0.01886791698052548
monitor_0465,pca_completion,block,1.0,64,1.0,0.021693302,0.01893183300853707
monitor_0466,pca_completion,block,1.0,64,0.4357625845229151,0.042192023,0.018208041990874335
monitor_0467,pca_completion,block,1.0,64,0.006622516556291391,0.008905369,0.017460792005294934
monitor_0468,pca_completion,block,1.0,64,0.5036057692307693,0.0294569,0.017318375001195818
monitor_0469,pca_completion,block,1.0,64,0.29842061512884455,0.031418495,0.018110499979229644
monitor_0470,pca_completion,block,1.0,64,1.0,0.013706688,0.0189778330095578
monitor_0471,pca_completion,block,1.0,64,0.5677966101694916,0.016716877,0.018356707994826138
monitor_0472,pca_completion,block,1.0,64,0.83,0.030035943,0.018157999991672114
monitor_0473,pca_completion,block,1.0,64,1.0,0.022923563,0.018613459018524736
monitor_0474,pca_completion,block,1.0,64,0.6028594122319301,0.013313731,0.01749666698742658
monitor_0475,pca_completion,block,1.0,64,0.0,0.008435092,0.01886845799162984
monitor_0476,pca_completion,block,1.0,64,0.10372340425531915,0.028769026,0.017473457992309704
monitor_0477,pca_completion,block,1.0,64,0.32075471698113206,0.008325476,0.018961334018968046
monitor_0478,pca_completion,block,1.0,64,1.0,0.008323725,0.018577917013317347
monitor_0479,pca_completion,block,1.0,64,0.6556291390728477,0.018836727,0.017343708022963256
monitor_0480,pca_completion,block,1.0,64,0.16279069767441862,0.008802074,0.0187138750043232
