shape_id,mse,mae,rmse,iou,dice,sign_accuracy,surface_mae,surface_sign_accuracy,mesh_vertices,mesh_faces,mesh_components,largest_component_face_fraction
monitor_0001,6.54193208902143e-05,0.004305529873818159,0.008088220842182636,0.6560882286743192,0.7923348736069584,0.9861834490740741,0.00843998696655035,0.8492650685607182,4166,8324,2,0.8664103796251802
monitor_0002,5.579430944635533e-05,0.0040476154536008835,0.007469558622688055,0.8698491979636922,0.9303950274824061,0.9877477575231481,0.007368933875113726,0.8874801901743264,5630,11080,1,1.0
monitor_0003,4.7610796173103154e-05,0.0037783312145620584,0.006900057662278414,0.9167233637229555,0.956552605423825,0.9944661458333334,0.007125228643417358,0.946003176283748,5618,11096,1,1.0
monitor_0004,6.836238753749058e-05,0.004438994452357292,0.00826815515756607,0.8627204030226701,0.9263015551048005,0.9901439525462963,0.00704258494079113,0.9066940592364321,5349,10478,12,0.9557167398358465
monitor_0005,0.0001654983643675223,0.008206403814256191,0.012864616699516773,0.9523057101879087,0.9755702759238968,0.9822591145833334,0.00723826140165329,0.9061226446756485,10585,20980,1,1.0000953288846521
monitor_0006,5.70164957025554e-05,0.0036494473461061716,0.0075509268790483475,0.6652593486127865,0.7989858746830858,0.9849446614583334,0.00798887386918068,0.816495528320636,3899,7724,2,0.9896426721905748
monitor_0007,8.609230280853808e-05,0.004854983650147915,0.009278593584895134,0.8065395095367848,0.8929110105580694,0.9878020109953703,0.00856652483344078,0.8793198025233132,5808,11388,1,1.0007024938531788
monitor_0008,0.00018220786296296865,0.00818291213363409,0.013498439453542233,0.9633227691866669,0.9813187971998475,0.9791757089120371,0.008072739467024803,0.90364419898749,12051,23826,1,1.0005036514731807
monitor_0009,2.206200770160649e-05,0.002483792370185256,0.004697021096944809,0.9231770833333334,0.960054163845633,0.9989330150462963,0.0061641582287848,0.9823247453565009,3097,6132,1,1.0003261578604044
monitor_0010,7.848227687645704e-05,0.004761028103530407,0.00885902252048254,0.7822216316768535,0.8778051144412138,0.9851797598379629,0.00821774173527956,0.8735437080472186,6849,13490,7,0.9962935507783544
monitor_0011,2.6355359295848757e-05,0.002599457511678338,0.00513374712318182,0.6277347694378997,0.771298593879239,0.9899992766203703,0.006061208434402943,0.8683049027794346,4621,9128,1,1.0
monitor_0012,4.3577016185736284e-05,0.0031273027416318655,0.006601288914680481,0.7816455696202531,0.8774422735346359,0.9956325954861112,0.007779608014971018,0.9242006167829898,2890,5764,4,0.9625260235947258
monitor_0013,2.71763201453723e-05,0.00271438155323267,0.005213091149926186,0.8998380754105945,0.9472787044928771,0.9960847077546297,0.007492571137845516,0.9409196343293764,3524,6924,3,0.9919121894858464
monitor_0014,7.327753701247275e-05,0.004476855043321848,0.008560230024158955,0.9029013218056364,0.9489733508082132,0.9894386574074074,0.007424342446029186,0.9130693658827032,7246,14042,1,1.0002848597065945
monitor_0015,6.03251792199444e-05,0.003989663906395435,0.007766928523778915,0.7765195670274772,0.8742032245969253,0.9878653067129629,0.008036932907998562,0.8910124392454074,5855,11698,1,1.0006838775859122
monitor_0016,6.97927680448629e-05,0.0041091968305408955,0.008354206569492817,0.7145067033344792,0.8334837092731829,0.9849808304398148,0.008501979522407055,0.8308493262556146,4723,9276,1,1.0
monitor_0017,5.5469754443038255e-05,0.0037445290945470333,0.007447801996022463,0.8566428671426571,0.9227869099683306,0.9907407407407407,0.008707525208592415,0.9095273264401772,5261,10402,2,0.7519707748509902
monitor_0018,2.6440740839461796e-05,0.0028778640553355217,0.005142055917531252,0.9005046863734679,0.9476479514415781,0.9975043402777778,0.0053485422395169735,0.965400526513727,3340,6542,4,0.9101192295933965
monitor_0019,5.5550986871821806e-05,0.0039661177434027195,0.0074532534927129745,0.900472334682861,0.9476300372803125,0.9919976128472222,0.007864486426115036,0.9201976754827491,5336,10540,1,1.0
monitor_0020,9.612664871383458e-05,0.004713247064501047,0.009804420173168182,0.8555444776780768,0.9221492537313433,0.9882089120370371,0.007955078035593033,0.9060195635816404,6656,12876,3,0.9965827896862379
monitor_0021,6.78186333971098e-05,0.004233163315802813,0.008235206827521324,0.8437895269415634,0.9152774919393565,0.9888328269675926,0.009677279740571976,0.8737187371873719,4305,8564,9,0.9654367118169079
monitor_0022,5.921984484302811e-05,0.003772252704948187,0.007695442996919155,0.5962458594037542,0.747060179847821,0.9900806568287037,0.007524476386606693,0.8464992282867967,4182,8436,3,0.9971550497866287
monitor_0023,6.65424158796668e-05,0.0043161362409591675,0.008157353848218918,0.8624811273276296,0.926163615483348,0.9901168258101852,0.007012299261987209,0.9171910974673829,6441,12762,4,0.9915373765867419
monitor_0024,3.791528433794156e-05,0.002992625581100583,0.00615753885358572,0.7138634348211647,0.8330458778889273,0.9912471064814815,0.008726260624825954,0.8611472330588066,3255,6420,6,0.9619937694704049
monitor_0025,6.903329631313682e-05,0.004489254672080278,0.008308627642691135,0.8770501761632852,0.9344983818770226,0.9908492476851852,0.008041108958423138,0.9116360454943132,5420,10684,2,0.9985024335454886
monitor_0026,5.725180744775571e-05,0.0038148125167936087,0.007566492538899183,0.9408327246165084,0.9695144900263455,0.994873046875,0.00878258515149355,0.9418163160595177,4699,9316,1,1.0006440532417347
monitor_0027,0.0001094102262868546,0.00514858728274703,0.01045993436127901,0.9257246376811594,0.9614299153339605,0.989990234375,0.006720667704939842,0.9189008042895442,7068,13736,9,0.803290623179965
monitor_0028,3.22551277349703e-05,0.0028425080236047506,0.005679359659552574,0.8850707479064395,0.9390318627450981,0.9964011863425926,0.007484770379960537,0.952921693872723,4006,7938,1,1.001259763164525
monitor_0029,4.187643571640365e-05,0.0034709700848907232,0.006471200380474329,0.7009511170095112,0.8241872561768531,0.9877748842592593,0.008087838999927044,0.8842465753424658,4988,9916,17,0.9475594997983058
monitor_0030,5.32583289896138e-05,0.0035086681600660086,0.007297830656170845,0.8041526374859708,0.8914463452566096,0.9905327690972222,0.007077822927385569,0.8946996466431095,4877,9582,4,0.9173450219160927
monitor_0031,4.780999370268546e-05,0.0037159081548452377,0.006914477329701185,0.9056662034892697,0.9504982581220125,0.9944751880787037,0.007749045267701149,0.9289700069751221,4203,8290,2,0.8477683956574186
monitor_0032,4.764851473737508e-05,0.0037908584345132113,0.006902790162712336,0.8781958012887133,0.9351482957060646,0.9894024884259259,0.007849528454244137,0.8843725335438043,4853,9524,1,1.0
monitor_0033,3.269144508522004e-05,0.003277141833677888,0.005717643536627293,0.8523444160272805,0.9202871870397643,0.9921694155092593,0.005890078376978636,0.9138136942675159,4978,9806,1,1.0
monitor_0034,5.245892680250108e-05,0.00388133036904037,0.007242853287607431,0.8772532188841202,0.9346136259716507,0.9922417534722222,0.008405258879065514,0.8770773638968481,3698,7392,1,1.0
monitor_0035,3.544005085132085e-05,0.0030740678776055574,0.005953154526650906,0.8555070883315158,0.9221275345283574,0.9952076099537037,0.006507999263703823,0.9302448012634904,3539,6938,7,0.9083309311040646
monitor_0036,0.00023455011250916868,0.009601051919162273,0.015315028838813305,0.9309584170151121,0.9642449146618015,0.9620768229166666,0.014862741343677044,0.8098111827367074,12152,23890,5,0.9997488488907492
monitor_0037,5.420819798018783e-05,0.003551582572981715,0.007362621836364269,0.8385714285714285,0.9121989121989122,0.9969346788194444,0.007949016988277435,0.948565156029481,3619,7224,2,0.7851605758582503
monitor_0038,7.955791807034984e-05,0.004315824713557959,0.00891952496021986,0.5330500472143531,0.6954111487526948,0.9910572193287037,0.007845723070204258,0.8984463422162774,3467,6924,7,0.9789139225880994
monitor_0039,5.768116170656867e-05,0.0039049345068633556,0.0075948117300868034,0.8946494902394689,0.9443957785842406,0.9879466869212963,0.006636037025600672,0.8969303332560118,5820,11424,4,0.9985994397759104
monitor_0040,6.158638279885054e-05,0.0037356396205723286,0.007847699336707592,0.8782209092401116,0.935162530583712,0.9932906539351852,0.007605767343193293,0.9150867516948179,4688,9246,2,0.9976205926887303
monitor_0041,7.440826448146254e-05,0.004104688763618469,0.00862602237612009,0.8932903423921388,0.9436379855648366,0.9937156394675926,0.007354989182204008,0.9195229272811487,4492,8840,4,0.8984162895927602
monitor_0042,6.078193837311119e-05,0.004410445224493742,0.007796277292072773,0.8230446927374302,0.9029341913736306,0.9885434751157407,0.006048587616533041,0.8984205884710976,6732,13326,4,0.8000900495272399
monitor_0043,7.017642201390117e-05,0.004822850227355957,0.008377136662602425,0.9029996907535306,0.9490276799739993,0.9914912471064815,0.0069145699962973595,0.9085697629226583,5328,10326,9,0.862289366647298
monitor_0044,9.136935841524974e-05,0.005144594237208366,0.009558731690049171,0.8713603173172271,0.931258731152753,0.9870967158564815,0.007380736526101828,0.9023889383256897,7342,14536,1,1.0
monitor_0045,4.694210656452924e-05,0.0034595562610775232,0.006851430982351303,0.32432432432432434,0.4897959183673469,0.9954788773148148,0.008793630637228489,0.9043794224517117,890,1716,18,0.6666666666666666
monitor_0046,3.581836790544912e-05,0.0030920952558517456,0.0059848446398973465,0.8754630948988316,0.9335967178240389,0.9960485387731481,0.006051822565495968,0.9404794333968945,3312,6488,4,0.968557336621455
monitor_0047,6.415417738026008e-05,0.004039223771542311,0.008009630255401134,0.82448352398839,0.9037993636533782,0.9907045717592593,0.008507960475981236,0.9003335691903366,3947,7792,5,0.9525154004106776
monitor_0048,4.853001519222744e-05,0.0032728714868426323,0.006966348737478256,0.8862559241706162,0.9396984924623115,0.9937065972222222,0.0077351233921945095,0.9133897461423593,4040,7972,1,1.0
monitor_0049,4.325709232944064e-05,0.003234405303373933,0.006577012594789267,0.8395967002749771,0.9128051818634778,0.9920880353009259,0.008164772763848305,0.8839830283744365,3868,7728,1,1.0005175983436854
monitor_0050,5.877047442481853e-05,0.004073545802384615,0.007666190154850483,0.8794714792136642,0.9358710562414266,0.9898546006944444,0.0069296169094741344,0.9173973914965736,6843,13572,1,1.0
monitor_0051,3.0515539037878625e-05,0.0027187231462448835,0.005524087231606245,0.5491803278688525,0.708994708994709,0.9940321180555556,0.008487260900437832,0.8688133571854502,2452,4900,2,0.810204081632653
monitor_0052,6.814229709561914e-05,0.004481741692870855,0.008254834450781345,0.8549054704105604,0.9217779386044268,0.9882722077546297,0.007981594651937485,0.9016679302501895,6363,12700,5,0.778267716535433
monitor_0053,7.350436499109492e-05,0.004591432400047779,0.008573468774557114,0.8894746409743683,0.9415047142582259,0.9945023148148148,0.007403751835227013,0.9341848885040052,4606,9212,3,0.7216673903603995
monitor_0054,8.868524309946224e-05,0.005315565038472414,0.009417284280061722,0.9347404172731684,0.966269592476489,0.9878381799768519,0.008257183246314526,0.9023608277470125,5983,11584,9,0.9901588397790055
monitor_0055,5.2018694987054914e-05,0.003696697996929288,0.007212398573756218,0.8269952337491127,0.9053063943161634,0.9845739293981481,0.007521918509155512,0.8646568821896073,4824,9458,3,0.9991541552125185
monitor_0056,3.370603735675104e-05,0.0032171900384128094,0.005805690307170153,0.7956294244382887,0.8861844360644497,0.9879918981481481,0.007420587353408337,0.8646608873023968,4352,8596,2,0.9974406700791065
monitor_0057,4.375408752821386e-05,0.003328857012093067,0.0066146873869001865,0.7324377273999441,0.8455573505654281,0.9913556134259259,0.00849804375320673,0.8622279867416054,3022,6044,1,1.0
monitor_0058,6.909688090672716e-05,0.0041806576773524284,0.008312453515827656,0.9015586546349467,0.9482312338222606,0.9945746527777778,0.008686299435794353,0.9267399267399268,4284,8476,3,0.9964605946201038
monitor_0059,0.0001523794053355232,0.006754102185368538,0.012344205752015114,0.08481262327416174,0.15636363636363637,0.9958043981481481,0.010707078501582146,0.9450905167246133,540,988,23,0.2834008097165992
monitor_0060,0.0001516496849944815,0.007350016385316849,0.012314612977206707,0.9674046381213856,0.9834323040380047,0.9798177083333334,0.00770757719874382,0.9048654641593109,12699,24860,9,0.9943684633950121
monitor_0061,7.234377699205652e-05,0.004441155586391687,0.008505514822900295,0.8978663489656666,0.9461850139816241,0.9914731626157407,0.0068725585006177425,0.9224940284984763,6153,12230,6,0.8840556009811937
monitor_0062,4.8936261009657755e-05,0.003913844469934702,0.00699544558301568,0.8414710159983378,0.913911768024371,0.9931007667824074,0.007991962134838104,0.9248640632723678,4730,9424,1,1.0002122241086588
monitor_0063,5.4326494137058035e-05,0.003618585178628564,0.007370650768280029,0.8750561797752809,0.9333652924256951,0.9924587673611112,0.008187955245375633,0.8951470958008549,4057,7944,3,0.9823766364551864
monitor_0064,6.938039587112144e-05,0.004790586419403553,0.008329489268362522,0.90216271884655,0.9485652409312398,0.9914098668981481,0.006704568862915039,0.9073441919438213,5285,10242,9,0.8627221245850419
monitor_0065,4.1608935134718195e-05,0.003553890623152256,0.006450498942285776,0.845185390149419,0.9160980730299167,0.9898817274305556,0.0064088148064911366,0.9042607802874744,5392,10784,1,1.0
monitor_0066,5.421158130047843e-05,0.0035900159273296595,0.007362851407378912,0.8217033695940568,0.9021264200407807,0.9878472222222222,0.006163749378174543,0.9047066622472655,6300,12454,1,1.0
monitor_0067,4.068010821356438e-05,0.0031284871511161327,0.00637809606269002,0.7435667265110713,0.8529260339797494,0.9922507957175926,0.006851092912256718,0.8926603206412825,4084,8074,2,0.9943027000247708
monitor_0068,7.98631735960953e-05,0.00480278767645359,0.008936619386076927,0.8744207075844919,0.9330036784658988,0.9899540653935185,0.00819120742380619,0.9029694323144105,5726,11402,5,0.9619365023680057
monitor_0069,5.421235255198553e-05,0.0035900380462408066,0.007362904027104378,0.8217033695940568,0.9021264200407807,0.9878472222222222,0.006162700708955526,0.9047303454560517,6300,12454,1,1.0
monitor_0070,0.0001340664312010631,0.005640111397951841,0.011578706093132496,0.8093919008046432,0.8946562659473646,0.9869339554398148,0.00832938402891159,0.8736056214317084,5885,11544,2,0.9887387387387387
monitor_0071,4.261271533323452e-05,0.003483349457383156,0.006527841556817293,0.8012279355333844,0.8896463570515551,0.9953161168981481,0.007708908524364233,0.9299337210875153,3260,6532,3,0.9975505205143906
monitor_0072,8.38402338558808e-05,0.004863299895077944,0.009156431071460247,0.9199577931866144,0.9583104341681715,0.9951985677083334,0.007291695568710566,0.9409466398749721,4020,7924,10,0.9697122665320546
monitor_0073,9.412946383235976e-05,0.005049969535320997,0.009702034294605255,0.794431433775696,0.8854408352668214,0.9857132523148148,0.0082755908370018,0.8682539682539683,6561,12802,14,0.9421965317919075
monitor_0074,9.472497185925022e-05,0.00506309000775218,0.009732675738632679,0.8157276995305164,0.898513251454428,0.9872233072916666,0.009009717032313347,0.8902640914465905,6857,13590,2,0.5864606328182487
monitor_0075,8.099199476419017e-05,0.004988605156540871,0.008999555371701717,0.9248475478828481,0.9609566730623355,0.9920880353009259,0.0067599862813949585,0.9393414211438474,7503,14764,1,1.0
monitor_0076,4.8934249207377434e-05,0.0037198932841420174,0.0069953021593391895,0.7907313540912382,0.8831378892033966,0.9921603732638888,0.006458587944507599,0.9165945165945166,4988,9992,6,0.8538831064851882
monitor_0077,6.028138523106463e-05,0.0038686846382915974,0.007764108944684267,0.7071762441572724,0.8284747946529232,0.9903700086805556,0.009991058148443699,0.8773182813039972,3841,7674,8,0.9384936148032317
monitor_0078,4.428470856510103e-05,0.003643601667135954,0.006654675584286451,0.8125757075211981,0.8965978128797084,0.9846100983796297,0.005677444860339165,0.8746314858490566,5666,11182,5,0.9506349490252191
monitor_0079,6.517990550491959e-05,0.004088862799108028,0.008073407225310802,0.8489506355305941,0.9183053557154277,0.9907588252314815,0.006877344101667404,0.8985795172345287,5222,10330,1,1.0
monitor_0080,8.817605703370646e-05,0.005615502595901489,0.00939021073281765,0.8141274049901421,0.8975415979613252,0.9752785011574074,0.007891247980296612,0.8383205204021289,8750,17348,1,1.0
monitor_0081,3.123310671071522e-05,0.002880159066990018,0.00558865861967206,0.9249275362318841,0.9609998494202681,0.9976580584490741,0.007597519084811211,0.9567209775967414,2824,5544,1,1.0
monitor_0082,6.45022009848617e-05,0.004444207530468702,0.008031326346099377,0.8599897802759325,0.9247252747252748,0.9900896990740741,0.007334748283028603,0.9023694993764475,6323,12638,6,0.5648045576831777
monitor_0083,7.048167026368901e-05,0.004189155995845795,0.00839533656835556,0.8806016922594798,0.9365105815697384,0.9965549045138888,0.007901766337454319,0.9593017029024312,3733,7328,10,0.964792576419214
monitor_0084,2.0257453797967173e-05,0.00223715603351593,0.004500828217715025,0.13348946135831383,0.23553719008264462,0.9966543692129629,0.0048101372085511684,0.9366655255049641,1220,2276,43,0.19507908611599298
monitor_0085,5.030569445807487e-05,0.0036885375156998634,0.007092650514096022,0.6270440251572327,0.7707769617317356,0.9839138454861112,0.008326391689479351,0.7993910690121786,4238,8480,3,0.8221698113207547
monitor_0086,8.648694347357377e-05,0.004753578919917345,0.009299836121499538,0.8992048643592142,0.9469277182612978,0.9922055844907407,0.006039679050445557,0.9085733422638982,4495,8802,3,0.9977277891388321
monitor_0087,2.7739624783862382e-05,0.0029113010969012976,0.005266841966658831,0.46890982503364737,0.638446032618655,0.9821596498842593,0.007735257036983967,0.777940348902645,4885,9644,2,0.7828701783492327
monitor_0088,5.421158130047843e-05,0.003590015461668372,0.007362851407378912,0.8217033695940568,0.9021264200407807,0.9878472222222222,0.00616374472156167,0.9047066622472655,6300,12454,1,1.0
monitor_0089,5.725666051148437e-05,0.0039774393662810326,0.007566812913864851,0.7646793948126801,0.8666496555243685,0.9763726128472222,0.007279455661773682,0.8116349480968859,6086,11986,1,1.0
monitor_0090,4.991003515897319e-05,0.003619931871071458,0.00706470338627696,0.774706387854483,0.873053022354935,0.9857765480324074,0.007935608737170696,0.8740937651039149,5853,11524,2,0.9993057965984034
monitor_0091,0.00015135527064558119,0.006839650683104992,0.012302652932703495,0.9578649400510827,0.9784790773423738,0.9765805844907407,0.0071082767099142075,0.8915314226519337,11771,23464,5,0.9801397886123423
monitor_0092,6.87895662849769e-05,0.003984629642218351,0.008293947204947472,0.7563131313131313,0.8612508986340762,0.9895290798611112,0.00918345246464014,0.8382126348228043,3553,7108,1,1.0002813731007316
monitor_0093,5.38376480108127e-05,0.003895970992743969,0.007337414193898439,0.875293657008614,0.9335003653826078,0.9942400896990741,0.006748888175934553,0.9386574074074074,5605,11144,1,1.000897343862168
monitor_0094,3.40351507475134e-05,0.0031455522403120995,0.005833965260535479,0.7952148186261898,0.8859271997707079,0.9928023726851852,0.007885088212788105,0.8993551650018966,4126,8136,1,1.0
monitor_0095,5.591613444266841e-05,0.004256736021488905,0.007477709092199802,0.8555523000292997,0.9221537975682931,0.9910843460648148,0.006124660838395357,0.9240545328506509,6923,13706,1,1.0
monitor_0096,3.7614619941450655e-05,0.0031563902739435434,0.006133075803518295,0.9303688383316098,0.9639285714285715,0.9963469328703703,0.006179220974445343,0.9612730061349694,5359,10590,1,1.0
monitor_0097,9.938930452335626e-05,0.005367253441363573,0.009969418868422508,0.8694848410155287,0.9301865647043313,0.9904242621527778,0.007910197600722313,0.9182141751779634,5030,9988,16,0.7460953143772527
monitor_0098,6.728713196935132e-05,0.004273280501365662,0.008202873170375824,0.8562091503267973,0.9225352112676056,0.9884620949074074,0.008280380629003048,0.8868299737864955,5717,11292,1,1.0
monitor_0099,0.00011027385335182771,0.005984710529446602,0.01050113607198,0.9214109926168991,0.9590982836649304,0.9870062934027778,0.00768752908334136,0.9171099549891857,8130,15662,7,0.9908057719320649
monitor_0100,3.775886943913065e-05,0.003468624083325267,0.0061448244377970695,0.8393291858263456,0.9126470588235294,0.9892578125,0.006601668428629637,0.8992024435771254,6464,12912,1,1.0004646840148699
monitor_0101,5.4211574024520814e-05,0.003590015461668372,0.007362850941717625,0.8217033695940568,0.9021264200407807,0.9878472222222222,0.006163747049868107,0.9047066622472655,6300,12454,1,1.0
monitor_0102,3.022301461896859e-05,0.0028292087372392416,0.005497546400874853,0.7401019208153665,0.850642036494706,0.9940049913194444,0.006692345719784498,0.9077115812917594,3465,6806,7,0.9506317954745812
monitor_0103,4.325730333221145e-05,0.0030926226172596216,0.006577028427273035,0.8193077167354715,0.9006807470762785,0.9948549623842593,0.006991198752075434,0.9132034963962582,3390,6768,2,0.9949763593380615
monitor_0104,5.3501997172134e-05,0.003529208479449153,0.007314505986869335,0.890773922988944,0.9422320798467587,0.9948187934027778,0.007456796709448099,0.9181102362204724,3387,6652,2,0.9987973541791942
monitor_0105,4.8773945309221745e-05,0.0032388423569500446,0.006983834784477949,0.709013209013209,0.8297340304614685,0.9932273582175926,0.007395076099783182,0.9043178334184977,4192,8316,2,0.9261664261664262
monitor_0106,3.149432814097963e-05,0.0026321401819586754,0.005611980799585581,0.245839636913767,0.3946569520340012,0.9909848813657407,0.0062476531602442265,0.8207479323984178,1154,2196,29,0.3788706739526412
monitor_0107,7.770036609144881e-05,0.004056956153362989,0.008814780972898006,0.8735781605459864,0.9325238508239375,0.9964825665509259,0.006904419045895338,0.9562624254473161,4680,9292,5,0.6771416272061989
monitor_0108,5.421157038654201e-05,0.0035900159273296595,0.007362850476056337,0.8217033695940568,0.9021264200407807,0.9878472222222222,0.006163745187222958,0.9047066622472655,6300,12454,1,1.0
monitor_0109,6.963896157685667e-05,0.003997474443167448,0.00834499578922987,0.7865213882163035,0.8805059859950305,0.9904333043981481,0.007607104256749153,0.8890328151986183,4708,9308,3,0.799527288354104
monitor_0110,5.481023981701583e-05,0.0035904732067137957,0.007403393741697073,0.8254865860073646,0.9044017001656941,0.9880009403935185,0.0062575917690992355,0.9049552535631422,6315,12486,1,1.0
monitor_0111,5.766508184024133e-05,0.004069244489073753,0.007593752816319466,0.7718407694362811,0.8712303980699638,0.9922779224537037,0.007514998782426119,0.9066972577297061,4826,9560,1,1.0
monitor_0112,5.666214565280825e-05,0.004057545214891434,0.007527426350861788,0.9189002844092046,0.9577363575117898,0.9914912471064815,0.006903212051838636,0.909388541165142,5131,10066,3,0.999006556725611
monitor_0113,8.194060501409695e-05,0.00507846474647522,0.009052105247974396,0.7006700167504187,0.8239929084999508,0.9838415075231481,0.009828520007431507,0.853056133056133,5936,11610,6,0.9958656330749354
monitor_0114,4.893634468317032e-05,0.003719956846907735,0.006995451636612415,0.7907313540912382,0.8831378892033966,0.9921603732638888,0.006458427291363478,0.9165945165945166,4988,9992,6,0.8538831064851882
monitor_0115,4.102851016796194e-05,0.0034191878512501717,0.006405350286513567,0.6449751243781094,0.7841761432373578,0.9838686342592593,0.009279821999371052,0.7987818632979923,4480,8962,1,1.000669493416648
monitor_0116,6.325962749542668e-05,0.004065743647515774,0.007953592576086521,0.27350427350427353,0.42953020134228187,0.9992314091435185,0.006168188992887735,0.9863760217983651,332,600,16,0.3933333333333333
monitor_0117,9.13356852834113e-05,0.004874088801443577,0.009556970559060574,0.7865615927001244,0.8805311789014254,0.9767343026620371,0.008588206022977829,0.8270500825536599,7282,14148,2,1.000706813683913
monitor_0118,7.91437560110353e-05,0.004757130518555641,0.008896277286112309,0.8294059077331564,0.9067489114658926,0.9814091435185185,0.007604558020830154,0.8727124080246526,7484,14794,4,0.9913478437204272
monitor_0119,5.1880495448131114e-05,0.0038289581425487995,0.007202811539173126,0.8304597701149425,0.9073783359497645,0.9925311053240741,0.0079890051856637,0.9145635084815887,4374,8744,1,1.0
monitor_0120,3.262710743001662e-05,0.0030802625697106123,0.005712014157325029,0.831765356945213,0.9081570996978852,0.9917534722222222,0.0059765116311609745,0.9065478020288964,4484,8808,6,0.8887375113533151
monitor_0121,7.933369488455355e-05,0.004871394485235214,0.008906946517527103,0.9215954535887182,0.9591982036256093,0.9932635271990741,0.007616952992975712,0.9335130278526504,5536,10870,17,0.9525298988040478
monitor_0122,2.035716170212254e-05,0.0024200892075896263,0.004511890932917595,0.09351753453772582,0.17103984450923226,0.9922869646990741,0.007202784065157175,0.8423872875092387,2112,4236,1,1.0
monitor_0123,0.00014655802806373686,0.0073671285063028336,0.012106114998459816,0.9565392054753757,0.9777869033224588,0.9735876012731481,0.008782124146819115,0.8800230566534915,14415,28334,3,1.0000705865744335
monitor_0124,4.756021371576935e-05,0.00358291226439178,0.00689639151096344,0.8055231427460132,0.8922878069797501,0.9909577546296297,0.008218033239245415,0.9068380845910192,5047,9984,1,1.0
monitor_0125,8.930411422625184e-05,0.005073886830359697,0.009450085461139679,0.8366528873856947,0.9110626108307188,0.9882089120370371,0.008594588376581669,0.8937190082644628,6571,12742,5,0.9981164652330874
monitor_0126,5.71400232729502e-05,0.0034960357006639242,0.007559102028608322,0.6416155419222904,0.7816879476798505,0.9873227719907407,0.009532943367958069,0.8428955625280143,3987,7838,5,0.9035468231691758
monitor_0127,3.980267865699716e-05,0.003284082980826497,0.0063089365139603615,0.9287816362566216,0.9630759841318279,0.9967176649305556,0.006859988439828157,0.9482857142857143,3585,7128,1,1.0008417508417509
monitor_0128,4.4967866415390745e-05,0.0035008417908102274,0.006705808453261852,0.7891019172552977,0.8821206993795826,0.9924406828703703,0.0063763270154595375,0.9120555438670314,4032,7980,5,0.9636591478696742
monitor_0129,6.033715544617735e-05,0.003440583823248744,0.007767699658870697,0.5346776657500764,0.6967947441767868,0.9862286603009259,0.010934191755950451,0.8389200320329482,3719,7296,11,0.9361293859649122
monitor_0130,5.2239352953620255e-05,0.003444779897108674,0.007227679714560509,0.833998859098688,0.9094867807153966,0.9921061197916666,0.008315365761518478,0.8943099273607749,4321,8528,2,0.8053470919324578
monitor_0131,9.609881090000272e-05,0.004935006145387888,0.009802999906241894,0.8228393364494547,0.9028105988234703,0.9825213396990741,0.007318710442632437,0.8624586152295955,6584,13022,3,0.999078482567962
monitor_0132,0.0001705387549009174,0.007661235984414816,0.013059048913419247,0.9581420436015152,0.9786236363519893,0.9698260271990741,0.007395051419734955,0.8708228460793804,13274,25264,26,0.9564597846738442
monitor_0133,5.992613296257332e-05,0.004356882534921169,0.007741197012364864,0.5604395604395604,0.7183098591549296,0.9866174768518519,0.005714597646147013,0.8804233659206593,5847,11644,35,0.8536585365853658
monitor_0134,6.161512283142656e-05,0.004155914764851332,0.007849530316889286,0.9094589124274727,0.9525828563352413,0.9939326533564815,0.006687698885798454,0.9374357056017956,4864,9592,2,0.8703085904920768
monitor_0135,5.3239655244397e-05,0.003800791222602129,0.007296551018953323,0.7728246892413202,0.8718568665377177,0.9856228298611112,0.009402720257639885,0.8556061987237922,4984,9906,1,1.0012113870381587
monitor_0136,6.331527401925996e-05,0.003748095128685236,0.007957089692354202,0.6017069701280228,0.7513321492007105,0.9898726851851852,0.010143201798200607,0.8343222985633979,2894,5768,6,0.9771151178918169
monitor_0137,6.749798194505274e-05,0.004410376772284508,0.008215715177357197,0.8975121419367628,0.9459882992060176,0.9906503182870371,0.007859130389988422,0.9174371451743715,6072,12084,1,1.0006620324395896
monitor_0138,8.53475576150231e-05,0.004297332838177681,0.009238374419510365,0.5163132137030995,0.6810112963959117,0.9892758969907407,0.008928162045776844,0.8211280772826426,3087,6168,10,0.6793125810635539
monitor_0139,9.218336344929412e-05,0.005139205139130354,0.00960121676325798,0.8186388244392885,0.9002764193068254,0.9872775607638888,0.007591103203594685,0.8909147820643243,7480,14738,1,1.000542814493147
monitor_0140,6.100707469158806e-05,0.004340808838605881,0.007810702547430992,0.8375968425668762,0.9116219871131971,0.9799081307870371,0.00750776519998908,0.8135906040268457,5288,10444,1,1.0
monitor_0141,0.00012108661030652002,0.006955772638320923,0.01100393570959568,0.9639939776403883,0.9816669385092155,0.9898365162037037,0.007862343452870846,0.926149802890933,8042,15868,10,0.9624401310814217
monitor_0142,6.645323446718976e-05,0.0042461189441382885,0.008151885122060776,0.8772455089820359,0.9346092503987241,0.9896195023148148,0.0083773797377944,0.9030728858037755,5890,11740,1,1.0006814310051106
monitor_0143,0.000919163750950247,0.013021271675825119,0.03031771257519722,0.888651629488349,0.9410434572617206,0.9514341001157407,0.011402135714888573,0.8771023207742178,10270,20426,2,0.9996083423088221
monitor_0144,5.950932245468721e-05,0.0040848772041499615,0.007714228704571724,0.7528399311531841,0.8589945011783189,0.9870153356481481,0.007007450331002474,0.8704205017144919,4862,9596,9,0.8499374739474781
monitor_0145,5.27762204001192e-05,0.0032231260556727648,0.007264724466949701,0.7840616966580977,0.8789625360230547,0.9977213541666666,0.010423421859741211,0.923939393939394,1478,2936,5,0.989100817438692
monitor_0146,5.421157038654201e-05,0.003590015461668372,0.007362850476056337,0.8217033695940568,0.9021264200407807,0.9878472222222222,0.006163747049868107,0.9047066622472655,6300,12454,1,1.0
monitor_0147,5.421291643870063e-05,0.0035900811199098825,0.007362942211329937,0.8217033695940568,0.9021264200407807,0.9878472222222222,0.006163878832012415,0.9047066622472655,6300,12454,1,1.0
monitor_0148,5.7734196161618456e-05,0.0039006636943668127,0.007598302327096462,0.8696891543369079,0.9303034703063743,0.9913194444444444,0.011551888659596443,0.8822374877330716,4265,8422,1,1.0
monitor_0149,7.890151755418628e-05,0.004174410365521908,0.008882652968168259,0.5527243155326647,0.7119413407821229,0.9850802951388888,0.008221171796321869,0.8056317861830331,3487,6954,7,0.9263733103249928
monitor_0150,4.027132672490552e-05,0.003179398598149419,0.006345969159156084,0.8933333333333333,0.9436619718309859,0.9942129629629629,0.008849111385643482,0.9168507210601533,3551,6968,1,1.0
monitor_0151,3.86348765459843e-05,0.0032045096158981323,0.006215695757418871,0.9253638897491483,0.9612353225028148,0.9956416377314815,0.007590956054627895,0.9378385349497034,3831,7574,1,1.0005281225244256
monitor_0152,9.709787991596386e-05,0.004450681619346142,0.009853825904428959,0.4882474226804124,0.6561374341922971,0.9887785734953703,0.01410934329032898,0.8613253012048193,2822,5604,16,0.9436117059243397
monitor_0153,2.958996810775716e-05,0.002971096197143197,0.005439666099846363,0.837590665405235,0.9116183284709113,0.9953432436342593,0.006596534047275782,0.932156501119747,3753,7398,2,0.8605028386050284
monitor_0154,8.807669655652717e-05,0.005442755296826363,0.009384918957948685,0.8327221814787652,0.9087271272145222,0.9773130063657407,0.007578103803098202,0.8443451827036417,8272,16410,1,1.0
monitor_0155,7.243832078529522e-05,0.004508174490183592,0.008511070162057877,0.8171570780266433,0.8993796825908322,0.9887062355324074,0.006924065295606852,0.9079274260332756,7491,14476,4,1.0004144791378833
monitor_0156,7.205363363027573e-05,0.0039744204841554165,0.00848844088613987,0.639618138424821,0.7802037845705968,0.9986346209490741,0.008733955211937428,0.9755038220986796,798,1572,7,0.7888040712468194
monitor_0157,0.0001359915331704542,0.006320186425000429,0.01166154071688652,0.8370881103182874,0.9113205900322947,0.9816261574074074,0.010392548516392708,0.8453679520663696,6661,13172,2,0.9989371393865776
monitor_0158,4.079478821950033e-05,0.003428702475503087,0.0063870796002447605,0.8866466294547016,0.9399180700955849,0.9976128472222222,0.006343998946249485,0.965553235908142,4720,9448,1,1.0
monitor_0159,0.000109220010926947,0.006224088836461306,0.010450838133692741,0.8368621218141568,0.9111866501854141,0.9740125868055556,0.010095984674990177,0.8260869565217391,8181,16206,1,1.0
monitor_0160,6.391823990270495e-05,0.003938606940209866,0.007994888350367546,0.3836538461538462,0.5545517720639332,0.9942039207175926,0.009613441303372383,0.928287332770881,1864,3612,30,0.5027685492801772
monitor_0161,5.6122600653907284e-05,0.0034992992877960205,0.007491501979529858,0.7963905599259602,0.8866563626996393,0.9960214120370371,0.008372392505407333,0.9329053950787101,3508,7024,1,1.0
monitor_0162,3.1590905564371496e-05,0.002985933795571327,0.005620578769594431,0.41443452380952384,0.5860073645449764,0.9928837528935185,0.006780252326279879,0.8795715378729916,1484,2944,7,0.9429347826086957
monitor_0163,0.0001150531170424074,0.006438485812395811,0.010726281441748142,0.9141551800223243,0.9551526329350818,0.9700972945601852,0.007398081943392754,0.8685320808788409,12278,24540,6,0.6604726976365118
monitor_0164,8.02151917014271e-05,0.004874309059232473,0.00895629357546568,0.7864077669902912,0.8804347826086957,0.9787145543981481,0.008814624510705471,0.8082829603006044,5863,11424,4,0.8371848739495799
monitor_0165,5.8997095038648695e-05,0.003930057864636183,0.007680956739932299,0.8005956234623851,0.8892564360707608,0.9860749421296297,0.010129312053322792,0.829243921394471,4408,8710,3,0.9074626865671642
monitor_0166,7.840430771466345e-05,0.004910638555884361,0.008854621089994907,0.8707977466836271,0.9309373482272948,0.9935709635416666,0.007742235437035561,0.9042596348884381,3954,7824,1,1.0
monitor_0167,4.713193266070448e-05,0.003435879945755005,0.006865269970148802,0.6899304134261154,0.8165193169431997,0.9863009982638888,0.010300222784280777,0.8057275541795665,3674,7358,1,1.000271812992661
monitor_0168,3.4070242691086605e-05,0.0028718053363263607,0.005836972035467625,0.7103157894736842,0.8306253077301822,0.9937789351851852,0.00735124247148633,0.9058694759885073,3440,6738,9,0.94182249925794
monitor_0169,7.651084160897881e-05,0.004355648998171091,0.008747047744691372,0.7588302940693281,0.8628806276854101,0.9867259837962963,0.007711141370236874,0.8696269982238011,6578,12996,1,1.0003077870113881
monitor_0170,7.334694964811206e-05,0.004502132069319487,0.008564283140003681,0.8632492113564669,0.92660628121561,0.9921603732638888,0.007886451669037342,0.9224230493915533,4152,8276,6,0.9671338811019816
monitor_0171,8.561950380681083e-05,0.003975016996264458,0.009253080934286118,0.5067073170731707,0.6726021853500607,0.9926848234953703,0.011379911564290524,0.8260869565217391,2191,4374,5,0.7101051668952904
monitor_0172,4.160457319812849e-05,0.003198830643668771,0.006450160872191191,0.8434818144666939,0.915096430946575,0.9930736400462963,0.008373024873435497,0.8927471296555587,3776,7472,1,1.0008029978586723
monitor_0173,6.13501833868213e-05,0.0040038167499005795,0.007832636125385761,0.8647859922178989,0.927490871152843,0.9912018952546297,0.007612463086843491,0.9110684580934101,5882,11642,1,1.0
monitor_0174,4.2815601773327217e-05,0.0035895511973649263,0.006543362978845835,0.8600742196027068,0.9247740875484098,0.9942039207175926,0.0065924022346735,0.9226953786595693,3985,7840,4,0.9915816326530612
monitor_0175,6.08524787821807e-05,0.004051353316754103,0.007800799794495106,0.7329015798253361,0.8458663646659117,0.9753870081018519,0.008157894015312195,0.7883523831739367,5415,10640,1,1.0
monitor_0176,4.915342651656829e-05,0.003494484582915902,0.007010950241237879,0.8819490957803081,0.9372719992881929,0.9936252170138888,0.006327682174742222,0.9293233082706767,4760,9410,1,1.0
monitor_0177,7.982661918504164e-05,0.004473231267184019,0.008934574201703072,0.8738887477774956,0.9327007793968146,0.9910210503472222,0.008553653955459595,0.906110138159175,5488,10826,1,1.0
monitor_0178,9.059338481165469e-05,0.0049622515216469765,0.00951805617660284,0.8070698466780238,0.8932359179825595,0.9836154513888888,0.008466045372188091,0.8639440433212996,6875,13740,1,1.0002911208151384
monitor_0179,7.533298776252195e-05,0.004061270505189896,0.008679457940161228,0.84375,0.9152542372881356,0.9935347945601852,0.008717864751815796,0.9255952380952381,4744,9360,2,0.9993589743589744
monitor_0180,8.710604743100703e-05,0.004724029917269945,0.00933306198567152,0.8348506218745994,0.9099930118798043,0.9883535879629629,0.007784535642713308,0.9055645517444428,6887,13312,9,0.9858774038461539
monitor_0181,5.028993109590374e-05,0.0037935059517621994,0.007091539446264505,0.7558159874059821,0.860928471807133,0.9873770254629629,0.00688475277274847,0.8862358405997881,6393,12704,2,0.6673488664987406
monitor_0182,7.417294546030462e-05,0.004302431363612413,0.008612371981143951,0.7904506548417036,0.8829627923050339,0.9816261574074074,0.007154624443501234,0.8636241610738256,7521,14798,1,1.000135153399108
monitor_0183,7.536577322753146e-05,0.004102347418665886,0.008681346662342548,0.8319339490624126,0.9082575815445726,0.9891402633101852,0.008984069339931011,0.8908130319929557,4878,9494,9,0.912365704655572
monitor_0184,4.067699774168432e-05,0.0034349579364061356,0.00637785205617547,0.9053958111466098,0.9503493246390312,0.9951804832175926,0.007981345988810062,0.9445657826313053,4549,8970,1,1.0
monitor_0185,8.423097460763529e-05,0.005266520660370588,0.009177743457257748,0.8583204214440657,0.9237593383137673,0.9793294270833334,0.006854483392089605,0.8492299557141912,7232,13812,22,0.9607587604981176
monitor_0186,3.789297625189647e-05,0.0032786214724183083,0.006155726965516806,0.8508297258297258,0.9194035669038105,0.9925220630787037,0.00792890414595604,0.9185221674876848,4583,9022,1,1.0
monitor_0187,3.1155144824879244e-05,0.002831878140568733,0.005581679288297892,0.6763504312301407,0.8069320335770377,0.9935528790509259,0.007610457483679056,0.8968460648148148,3427,6784,4,0.9793632075471698
monitor_0188,4.672449722420424e-05,0.0034372766967862844,0.006835531909018755,0.6674138985123294,0.8005377658274261,0.9852430555555556,0.007945557124912739,0.8072003789673141,4034,7966,6,0.91940748179764
monitor_0189,2.3963089915923774e-05,0.002588549628853798,0.0048952107317745686,0.158,0.27288428324697755,0.9961932146990741,0.006136597599834204,0.9163686928883592,234,456,3,0.6842105263157895
monitor_0190,4.068382622790523e-05,0.0034194502513855696,0.006378387566655874,0.5629780724120347,0.7203915171288744,0.9922507957175926,0.008480602875351906,0.8357608279034112,2746,5460,1,1.0007326007326007
monitor_0191,4.440489283297211e-05,0.003452511504292488,0.006663699634373188,0.8601859678782756,0.9248386803599018,0.9925220630787037,0.0065098595805466175,0.9113326900396698,4330,8514,2,0.961005402865868
monitor_0192,5.233463161857799e-05,0.003767323913052678,0.007234267890453339,0.6381871076404838,0.7791382372184317,0.9786331741898148,0.008578496053814888,0.8372739916550765,5999,11840,10,0.9716216216216216
monitor_0193,3.540723992045969e-05,0.003053495194762945,0.005950398277491331,0.7459105779716467,0.8544659587757651,0.9915726273148148,0.006952575873583555,0.8922044876243349,4271,8530,2,0.9997655334114889
monitor_0194,8.670346869621426e-05,0.005250433459877968,0.009311470203101635,0.8000925497454882,0.8889460154241645,0.9765625,0.00860137864947319,0.8355764347384459,8175,15764,2,1.0012687135244862
monitor_0195,8.352328586624935e-05,0.004414680413901806,0.009139107540249825,0.9397665955577864,0.9689481174796222,0.9956597222222222,0.008720952086150646,0.9507790733670416,4606,9106,3,0.9916538546013618
monitor_0196,0.00015984252968337387,0.006412321701645851,0.012642884626984596,0.8739130434782608,0.9327146171693735,0.9855776186342593,0.008064155466854572,0.8901311249137336,7186,14130,6,0.9963198867657467
monitor_0197,3.182521686539985e-05,0.0026360114570707083,0.005641384515911341,0.6135844748858448,0.7605235231694376,0.9938783998842593,0.007676407229155302,0.8582792547624032,2413,4808,3,0.9933444259567388
monitor_0198,4.065922257723287e-05,0.003115290543064475,0.006376458331942558,0.8627935723114957,0.9263437292634373,0.9929741753472222,0.007811646442860365,0.9241873711087106,4107,8062,4,0.9439345075663607
monitor_0199,3.608479164540768e-05,0.003160429885610938,0.006007061805576086,0.8186528497409327,0.9002849002849003,0.9920880353009259,0.007254051975905895,0.8993674525589419,4639,9218,1,1.0
monitor_0200,7.410292164422572e-05,0.004354264587163925,0.00860830582678318,0.8535455517282338,0.9209868631848767,0.9888509114583334,0.008320573717355728,0.9033357103240631,5583,11008,9,0.9634811046511628
monitor_0201,3.5409357224125415e-05,0.0030535822734236717,0.005950576160103083,0.7459105779716467,0.8544659587757651,0.9915726273148148,0.00695376330986619,0.8921920185078079,4271,8530,2,0.9997655334114889
monitor_0202,7.032789289951324e-05,0.003822861472144723,0.008386172354221344,0.07692307692307693,0.14285714285714285,0.9997829861111112,0.009482159279286861,0.9940682155215027,82,144,5,0.6666666666666666
monitor_0203,5.2038438298041e-05,0.003871226217597723,0.007213767152279615,0.8098945253641386,0.894963230192868,0.9931550202546297,0.007883590646088123,0.9179136846671004,3328,6596,15,0.9660400242571255
monitor_0204,9.553686686558649e-05,0.004525040276348591,0.009774296544492245,0.7989556135770235,0.888243831640058,0.9958224826388888,0.007905684411525726,0.9366515837104072,3813,7540,14,0.920159151193634
monitor_0205,5.725919618271291e-05,0.003967479337006807,0.007566980551928282,0.9191025438457893,0.9578462045117734,0.9953703703703703,0.0066082654520869255,0.9470417873396773,4081,7934,20,0.9410133602218301
monitor_0206,6.786353333154693e-05,0.004197734873741865,0.008237932808697224,0.8650828567238598,0.9276615820097499,0.9916811342592593,0.008159899152815342,0.897525309336333,4202,8312,8,0.9003849855630414
monitor_0207,6.384248263202608e-05,0.0038918452337384224,0.007990148849785328,0.79739336492891,0.8872775214238628,0.9969075520833334,0.009161466732621193,0.9477144167558478,1777,3554,1,1.0
monitor_0208,0.00010327091149520129,0.00595040014013648,0.010162229649722576,0.9321468926553672,0.9648820140939793,0.9891402633101852,0.00797001551836729,0.9182754621734088,7624,15096,1,1.0001324854266032
monitor_0209,3.516103606671095e-05,0.00270868674851954,0.0059296740218997,0.15762925598991173,0.27233115468409586,0.9939597800925926,0.006094974000006914,0.9052092228864219,1472,2852,25,0.28751753155680226
monitor_0210,0.00019171397434547544,0.0056718927808105946,0.013846081681549549,0.3555285540704739,0.5245607744711366,0.9760199652777778,0.013906956650316715,0.8460505937016004,3835,7546,13,0.8306387490060959
monitor_0211,5.8773370255948976e-05,0.004073683172464371,0.00766637921333313,0.879484425349087,0.9358783861012687,0.9898546006944444,0.006929127033799887,0.9173913043478261,6845,13576,1,1.0
monitor_0212,9.521406173007563e-05,0.005842039827257395,0.009757769294083118,0.9449859272386115,0.9717149250331623,0.9809118200231481,0.00796705111861229,0.8805750509395517,9320,18562,1,1.0
monitor_0213,3.427993942750618e-05,0.003168177092447877,0.0058549074456095695,0.8369064315768383,0.9112129144851658,0.9926396122685185,0.0067745232954621315,0.9080433800271125,4184,8324,2,0.9937530033637674
monitor_0214,0.00010113714961335063,0.004913384094834328,0.010056696832180023,0.8626796476587854,0.926278062621335,0.9866084346064815,0.007595829199999571,0.9018054663526726,6964,13864,1,1.0
monitor_0215,4.688014087150805e-05,0.003624398959800601,0.006846907548606396,0.9064016277977774,0.9509031198686371,0.9945927372685185,0.0066581591963768005,0.9376043405676127,4273,8418,2,0.8740793537657401
monitor_0216,3.520536483847536e-05,0.003054848639294505,0.005933410953730345,0.7422480620155039,0.8520578420467185,0.9903790509259259,0.00628100149333477,0.8790634235053422,3756,7380,7,0.9474254742547426
monitor_0217,7.263504812726751e-05,0.004747692029923201,0.008522619493305683,0.9018129965369729,0.9483718937446444,0.9912832754629629,0.008115636184811592,0.9082778306374881,5566,10998,1,1.0
monitor_0218,0.00010294905223418027,0.006352290511131287,0.010146381333470345,0.941729277897229,0.9699902953691493,0.9781901041666666,0.00719827227294445,0.8747533492574514,9345,17750,24,0.976
monitor_0219,6.137300806585699e-05,0.003784725209698081,0.00783409271389246,0.5291970802919708,0.6921241050119332,0.9825032552083334,0.007037516683340073,0.7983854057454393,5227,10282,3,0.8120988134604162
monitor_0220,0.00010126161942025647,0.005846094340085983,0.010062883608043194,0.8966347908606468,0.9455007312754984,0.9871961805555556,0.007654922548681498,0.8909287257019438,6851,13242,8,0.9864068871771635
monitor_0221,5.533339935936965e-05,0.003488121321424842,0.00743864243850112,0.7936068462119306,0.8849284310973898,0.9925853587962963,0.008731765672564507,0.8939030883919062,3409,6764,3,0.9967474866942637
monitor_0222,4.12980152759701e-05,0.003019702387973666,0.006426353007555008,0.7292387543252595,0.8434217108554277,0.9915093315972222,0.00858654547482729,0.8879091677738857,3826,7624,5,0.968520461699895
monitor_0223,5.4815358453197405e-05,0.003564799902960658,0.007403739262372255,0.6772307692307692,0.807558246193359,0.9905146846064815,0.008577368222177029,0.8644199611147116,3946,7860,2,0.9170483460559796
monitor_0224,5.967944525764324e-05,0.004313768353313208,0.007725247181952,0.846669815777043,0.9169693559113931,0.9853244357638888,0.007693343795835972,0.8717908207599336,6383,12474,5,0.9650472983806317
monitor_0225,3.044788354600314e-05,0.003132660174742341,0.00551796006038785,0.8929193267556588,0.9434309366855741,0.9933268229166666,0.00559380603954196,0.9228678929765887,4762,9500,1,1.000842105263158
monitor_0226,4.811954568140209e-05,0.003766882698982954,0.006936825346201658,0.8479831426851294,0.9177390454471412,0.9908673321759259,0.0076273903250694275,0.8891693185559092,4422,8708,6,0.977491961414791
monitor_0227,3.473562537692487e-05,0.003127878997474909,0.005893693771213293,0.7464615384615385,0.8548273431994362,0.9962745949074074,0.006044836714863777,0.9474690807089124,3717,7344,8,0.7532679738562091
monitor_0228,0.0001207679815706797,0.0050005316734313965,0.010989448986947536,0.37148803329864727,0.5417298937784522,0.9945384837962963,0.008742554113268852,0.9315673289183223,1252,2310,10,0.9463203463203463
monitor_0229,9.346567821921781e-05,0.005264530424028635,0.009667765349149704,0.8610238560149418,0.9253227498745495,0.9851978443287037,0.008395456708967686,0.8801450992004738,6605,13060,2,0.8254211332312404
monitor_0230,8.157525007845834e-05,0.0044742305763065815,0.009031902067363262,0.6794227339062754,0.8091146084773583,0.9821234809027778,0.009278600104153156,0.8244570604667928,5232,10460,2,0.9992351816443594
monitor_0231,9.330586908617988e-05,0.005671099293977022,0.009659496136009693,0.8440743220622698,0.9154450142967367,0.983154296875,0.008043190464377403,0.8522925590988418,6122,12126,2,0.9990103908955963
monitor_0232,5.106384924147278e-05,0.0036337983328849077,0.0071458974853158,0.7086675291073739,0.8294972743791641,0.9898184317129629,0.00876279454678297,0.8659523809523809,4518,9036,4,0.9946879150066401
monitor_0233,2.784302159852814e-05,0.0028297919780015945,0.005276648793369532,0.6263769889840881,0.7702728127939793,0.9889594184027778,0.0058630588464438915,0.8619246861924686,4954,9804,1,1.000203998368013
monitor_0234,7.597931107738987e-05,0.004897199105471373,0.008716611191630363,0.9583732057416268,0.9787441974102126,0.9881998697916666,0.005875482223927975,0.9132717485212999,7804,15324,6,0.9989558861915949
monitor_0235,5.581814548349939e-05,0.003460782580077648,0.007471154443919659,0.7137931034482758,0.8329979879275654,0.9909939236111112,0.009178212843835354,0.8721514098107377,3904,7808,2,0.9992315573770492
monitor_0236,6.928848597453907e-05,0.004494000691920519,0.00832397025078535,0.9132791327913279,0.9546742209631728,0.9881365740740741,0.007737558335065842,0.9080975063042869,6535,12794,4,0.9984367672346413
monitor_0237,4.367793371784501e-05,0.0031472709961235523,0.006608928553760052,0.5212418300653595,0.6852846401718582,0.9894024884259259,0.008491693064570427,0.8321597930737175,3062,6112,4,0.8075916230366492
monitor_0238,0.00021097379794809967,0.008944598957896233,0.01452493667602539,0.9214211363591728,0.9591037788885141,0.9638219762731481,0.013571148738265038,0.8034281184979689,11166,22194,1,1.0
monitor_0239,0.00014286377700045705,0.0077628809958696365,0.011952563188970089,0.9558964525407478,0.9774509803921568,0.9796187789351852,0.008475271053612232,0.8972090477927763,11387,22508,3,0.9999111427048161
monitor_0240,5.425620838650502e-05,0.0035795574076473713,0.007365881465375423,0.5930880713489409,0.7445766270118964,0.9933991608796297,0.009134841151535511,0.893026706231454,2814,5596,14,0.8577555396711937
monitor_0241,4.411412010085769e-05,0.0035475080367177725,0.006641846150159836,0.8571811361200429,0.9230991198961189,0.9903609664351852,0.006746234372258186,0.9053033667939948,5413,10692,1,1.0
monitor_0242,9.047899948200211e-05,0.0042856852523982525,0.009512045420706272,0.6464460784313726,0.7852623743952363,0.9895652488425926,0.007007405627518892,0.8620317002881844,4782,9556,2,0.9974884889074926
monitor_0243,3.69548361049965e-05,0.003148112678900361,0.006079048849642277,0.7873684210526316,0.8810365135453475,0.9936071325231481,0.008189712651073933,0.9036361122632379,3302,6600,1,1.0
monitor_0244,3.7869140214752406e-05,0.003497726283967495,0.00615379074588418,0.9157001904102475,0.955995301346345,0.9955964265046297,0.00561800180003047,0.9476422764227642,4781,9398,1,1.0
monitor_0245,4.338769576861523e-05,0.003349584061652422,0.006586933508515358,0.8450747179017993,0.9160330578512397,0.9954065393518519,0.00794454850256443,0.9235630454408666,3674,7344,1,1.0
monitor_0246,0.00010923133959295228,0.0050090039148926735,0.010451380163431168,0.8831686930091185,0.9379602542116413,0.9888780381944444,0.007647634483873844,0.897514210570968,5794,11384,4,0.9934996486296557
monitor_0247,5.5532851547468454e-05,0.004199018236249685,0.007452036719769239,0.9247894103489771,0.9609252891528602,0.9954788773148148,0.00845319777727127,0.9546485260770975,5205,10264,1,1.0
monitor_0248,5.29426870343741e-05,0.0036523030139505863,0.007276172749698162,0.514479359211337,0.6794141578519122,0.9928747106481481,0.009463997557759285,0.879436964504284,1858,3680,9,0.8391304347826087
monitor_0249,8.751660789130256e-05,0.004705946892499924,0.009355030953884125,0.365034965034965,0.5348360655737705,0.9917896412037037,0.009634362533688545,0.890112549921336,2195,4288,27,0.4701492537313433
monitor_0250,0.00018502527382224798,0.007820303551852703,0.01360239926725626,0.9660838198881179,0.9827493722450693,0.9799352575231481,0.007767603266984224,0.9099632843791722,12341,24636,3,0.9991881798993343
monitor_0251,6.410478090401739e-05,0.0043963599018752575,0.008006545715034008,0.8756462585034014,0.9337008559408095,0.9917353877314815,0.008021734654903412,0.9151818856718634,5460,10780,3,0.7769944341372913
monitor_0252,7.549713336629793e-05,0.004375516902655363,0.008688909001648426,0.7672706681766704,0.8683114386414611,0.9888509114583334,0.008320216089487076,0.9087769352053457,6563,12914,14,0.9423881059315472
monitor_0253,3.6687226383946836e-05,0.0030387374572455883,0.006056997925043106,0.7409886714727085,0.8512274475007394,0.9909035011574074,0.007447310723364353,0.8897413415168786,4886,9678,1,1.0002066542674106
monitor_0254,4.289730713935569e-05,0.003331105224788189,0.006549603771418333,0.8727537639630889,0.9320539419087137,0.9928927951388888,0.007704265881329775,0.9058005752636625,3816,7624,1,1.0005246589716683
monitor_0255,7.686401659157127e-05,0.004555670078843832,0.008767212741076946,0.9036259541984732,0.9493734335839599,0.9881275318287037,0.005963980220258236,0.9019754564501646,7048,13864,1,1.0002885170225044
monitor_0256,6.724995182594284e-05,0.004017926286906004,0.00820060633122921,0.8542205501998589,0.9213796601572407,0.9887876157407407,0.00836422760039568,0.8954296160877514,5286,10432,1,1.0
monitor_0257,3.058846778003499e-05,0.0025702700950205326,0.005530684255063534,0.7812202097235462,0.8771742039068772,0.995849609375,0.0071289315819740295,0.9199930277148335,2532,5044,5,0.9540047581284695
monitor_0258,3.658946661744267e-05,0.002748362487182021,0.006048922892659903,0.6471600688468159,0.7857889237199582,0.9944390190972222,0.007946490310132504,0.899918500407498,3048,6006,2,0.986013986013986
monitor_0259,5.905305079068057e-05,0.004028158262372017,0.007684598211199045,0.9238870696521816,0.9604379427730242,0.9922236689814815,0.007493834011256695,0.9297729184188394,5033,9846,5,0.8921389396709324
monitor_0260,7.048369297990575e-05,0.003818721044808626,0.008395456708967686,0.8465608465608465,0.9169054441260746,0.9937065972222222,0.007545668166130781,0.9119098848247057,3319,6554,1,1.0
monitor_0261,0.00016276344831567258,0.00801258534193039,0.012757877819240093,0.9408463295917354,0.969521713539934,0.9784613715277778,0.012398319318890572,0.867249154453213,9486,18740,1,1.0007470651013874
monitor_0262,8.041116961976513e-05,0.004968791734427214,0.008967227302491665,0.8972198820556023,0.9458259325044405,0.9889684606481481,0.007448097690939903,0.905362285002724,6514,12924,1,1.0001547508511297
monitor_0263,3.136474697384983e-05,0.0029159935656934977,0.005600424017757177,0.8987341772151899,0.9466666666666667,0.9984809027777778,0.0074389236979186535,0.9724454649827784,3366,6724,2,0.8429506246281975
monitor_0264,5.8960504247806966e-05,0.0041918265633285046,0.007678574416786432,0.8804556219690989,0.9364279716924553,0.9904152199074074,0.007039062213152647,0.9024502579218865,5941,11748,1,1.0
monitor_0265,6.113431300036609e-05,0.003906261641532183,0.007818843238055706,0.8584259400213122,0.9238204456094364,0.9915907118055556,0.007653866894543171,0.912490580256217,5048,9982,1,1.0
monitor_0266,7.883488433435559e-05,0.004841211251914501,0.008878900669515133,0.9090689627424157,0.9523689091215647,0.9897822627314815,0.007843020372092724,0.8946631834297444,5667,11180,2,0.9853309481216458
monitor_0267,4.326785710873082e-05,0.0032032171729952097,0.006577830761671066,0.72713529856387,0.8420131291028446,0.9902072482638888,0.008598056621849537,0.8707053538909797,4035,8076,1,1.0002476473501734
monitor_0268,4.910666757496074e-05,0.003103856695815921,0.007007615175098181,0.8747875354107649,0.9332124508915081,0.9960033275462963,0.007592813577502966,0.9259259259259259,3061,6016,1,1.0
monitor_0269,5.6123462854884565e-05,0.0037788173649460077,0.0074915592558681965,0.8573177366702938,0.9231783229586232,0.9905146846064815,0.008561337366700172,0.8886035313001606,4251,8356,1,1.0
monitor_0270,7.437273598043248e-05,0.004125254228711128,0.008623963221907616,0.6908077994428969,0.8171334431630972,0.9879557291666666,0.006799834780395031,0.8813785733368955,5664,11318,12,0.7628556282028627
monitor_0271,1.9788172721746378e-05,0.002511188155040145,0.0044483901001513,0.8077042559801181,0.8936243340780203,0.9944028501157407,0.0055577922612428665,0.9231914629606651,4024,7916,5,0.8471450227387569
monitor_0272,7.462553185177967e-05,0.004300583153963089,0.00863860733807087,0.8844840667678301,0.938701560140916,0.9889865451388888,0.006650473456829786,0.9176510522742702,6974,13790,1,1.0
monitor_0273,4.682215512730181e-05,0.0032535698264837265,0.006842671427875757,0.5216836734693877,0.6856663872590109,0.9932183159722222,0.008027009665966034,0.8908984830805134,2719,5358,25,0.6550951847704367
monitor_0274,5.697095184586942e-05,0.003636740380898118,0.007547910325229168,0.9066985645933014,0.9510664993726474,0.9957682291666666,0.0066748252138495445,0.9446157495256167,4386,8642,2,0.9990742883591761
monitor_0275,6.593478610739112e-05,0.004301159642636776,0.008120023645460606,0.8732043010752688,0.9323108008817046,0.9866717303240741,0.007354430854320526,0.8962905281042051,6803,13400,2,0.8597014925373134
monitor_0276,0.0001381516776746139,0.0069565861485898495,0.011753793805837631,0.9643611487658018,0.9818572815611886,0.9795554832175926,0.007078619208186865,0.9048942801785864,12986,25068,7,0.9974469443114727
monitor_0277,5.844202314619906e-05,0.0037756995297968388,0.00764473807066679,0.27340823970037453,0.4294117647058823,0.9964916087962963,0.00868649035692215,0.9347021204981488,674,1280,17,0.484375
monitor_0278,5.2697858336614445e-05,0.0038696995470672846,0.0072593288496136665,0.8710104781404312,0.9310588992597361,0.9903157552083334,0.007326778955757618,0.9109947643979057,6415,12520,2,0.8169329073482429
monitor_0279,4.186676233075559e-05,0.0030929564964026213,0.0064704529941082,0.6339103869653768,0.7759426612651916,0.9934986255787037,0.008868947625160217,0.8859635210150674,3432,6838,5,0.8976308862240421
monitor_0280,5.1010541938012466e-05,0.003443893976509571,0.00714216660708189,0.7542202572347267,0.8598923129797228,0.9889413339120371,0.006870727054774761,0.8940367489572765,4944,9766,1,1.0
monitor_0281,3.824797022389248e-05,0.0033478722907602787,0.006184494122862816,0.865138917055364,0.9276938131999565,0.9939869068287037,0.00824005901813507,0.9280528768013869,4079,8026,1,1.0
monitor_0282,7.252529030665755e-05,0.004499838687479496,0.008516178466379642,0.9106837606837607,0.9532543055244912,0.9905508535879629,0.007747252006083727,0.9154257507198683,6081,11944,1,1.0
monitor_0283,3.956958244089037e-05,0.0035442826338112354,0.006290435791015625,0.85650168308191,0.9227049895910281,0.9895923755787037,0.006623351480811834,0.9059947729500163,6612,13140,1,1.0004566210045662
monitor_0284,6.719274824718013e-05,0.003958334680646658,0.008197118528187275,0.725622885266072,0.8409982174688057,0.9919343171296297,0.008360200561583042,0.8777077049629832,3918,7698,3,0.599636269160821
monitor_0285,6.76151248626411e-05,0.004489691462367773,0.008222841657698154,0.8406656465187452,0.9134365582458692,0.9849356192129629,0.0074201179668307304,0.8685928048392232,6146,12138,1,1.0
monitor_0286,0.00016005545330699533,0.007926220074295998,0.012651302851736546,0.9644128113879004,0.9818840579710145,0.9812825520833334,0.009951837360858917,0.8940526154161121,10154,19698,18,0.9889328865874708
monitor_0287,3.79389566660393e-05,0.003367956029251218,0.006159460637718439,0.7515561569688769,0.8581582200247219,0.99169921875,0.007428979501128197,0.8989431968295905,4932,9784,1,1.0
monitor_0288,4.655252996599302e-05,0.0035965305287390947,0.006822941359132528,0.7015068493150685,0.824571290556316,0.9802969473379629,0.007296801544725895,0.8392475101438583,6285,12418,3,0.9985504912224191
monitor_0289,5.50153199583292e-05,0.004049976821988821,0.00741723133251071,0.8701285132170097,0.9305547795966255,0.9887604890046297,0.00867140106856823,0.8966406120073175,5755,11328,1,1.0
monitor_0290,8.700828038854524e-05,0.0047216396778821945,0.009327823296189308,0.7400656215822092,0.8506180599203855,0.9806586371527778,0.00888591818511486,0.8086403154969974,5424,10736,1,1.0
monitor_0291,5.276051160763018e-05,0.0039703440852463245,0.007263643201440573,0.8618123837363806,0.9257779046531545,0.9905960648148148,0.008278842084109783,0.9137144279432506,6327,12574,1,1.000795291872117
monitor_0292,0.00015269682626239955,0.007677192334085703,0.012357056140899658,0.9528346605991658,0.9758477559045562,0.9730088975694444,0.008342113345861435,0.8839153768375204,13383,26042,5,0.9990784117963291
monitor_0293,5.5351370974676684e-05,0.003835531650111079,0.007439850363880396,0.6067681895093062,0.7552653748946925,0.9894929108796297,0.008423001505434513,0.8460315357095535,3539,7090,7,0.983638928067701
monitor_0294,0.00022153354075271636,0.006268552504479885,0.01488400250673294,0.5875661375661375,0.7402099650058324,0.9718062789351852,0.012117894366383553,0.8555914780734477,6247,12240,6,0.8017973856209151
monitor_0295,4.562890171655454e-05,0.003712290432304144,0.006754916626960039,0.8459840588595954,0.9165670253753155,0.9886429398148148,0.0075158607214689255,0.8972354780319236,6111,12070,1,1.0
monitor_0296,0.00011250316310906783,0.00476354593411088,0.010606750845909119,0.6395954642966595,0.7801869158878505,0.9893663194444444,0.010843791998922825,0.8867066134043498,3569,6952,10,0.7920023014959724
monitor_0297,2.7528709324542433e-05,0.0028568743728101254,0.005246780812740326,0.7752634841909486,0.8734066701588965,0.9934443721064815,0.005873851012438536,0.902106400216041,3510,6896,3,0.8677494199535963
monitor_0298,0.00014374351303558797,0.00760704604908824,0.011989308521151543,0.9266106585633667,0.9619075389672357,0.9740125868055556,0.008657579310238361,0.8751520417028671,10906,21382,16,0.9869048732578805
monitor_0299,2.726909951888956e-05,0.0027325397823005915,0.00522198248654604,0.712832108535896,0.8323432343234324,0.9954065393518519,0.007485324516892433,0.9289311695579183,3168,6344,4,0.9602774274905422
monitor_0300,4.239210466039367e-05,0.0033745761029422283,0.0065109217539429665,0.8613776924717423,0.9255270394133822,0.9941225405092593,0.00836886465549469,0.9326703956909054,4563,8986,1,1.0
monitor_0301,4.827075099456124e-05,0.003535809926688671,0.006947715301066637,0.9008603573792191,0.9478448576004457,0.9932273582175926,0.006957302335649729,0.9277852867348909,4936,9714,5,0.9744698373481573
monitor_0302,5.621882155537605e-05,0.0039488705806434155,0.007497921120375395,0.8582810236600676,0.9237365207223593,0.9893844039351852,0.007028540130704641,0.9139072847682119,6569,12878,3,0.9978257493399596
monitor_0303,3.9931663195602596e-05,0.0032310497481375933,0.006319150328636169,0.8004081632653062,0.8891407844026298,0.9911566840277778,0.006809782236814499,0.9131978343835981,5465,10796,5,0.9940718784735088
monitor_0304,0.00018196659220848233,0.006271716672927141,0.013489499688148499,0.7168179853004756,0.835054142533367,0.9822319878472222,0.011093039996922016,0.8955525167675978,6097,12162,7,0.9906265416872225
monitor_0305,5.0150534661952406e-05,0.0036475779488682747,0.007081704214215279,0.7898978270254713,0.8826177842096801,0.9867983217592593,0.007804129738360643,0.8447026220422085,4809,9534,1,1.0
monitor_0306,8.001089736353606e-05,0.004414483904838562,0.008944881148636341,0.8946900406504065,0.9444183707676835,0.9925039785879629,0.007008865475654602,0.9263814777968707,4870,9594,4,0.9949968730456535
monitor_0307,4.2194806155748665e-05,0.0032652984373271465,0.006495752837508917,0.8358415499048607,0.9105813624799773,0.9914189091435185,0.008153467439115047,0.8858139814703405,4193,8266,1,1.0
monitor_0308,8.086315210675821e-05,0.004751395899802446,0.008992394432425499,0.8792840294158457,0.9357649143532192,0.9921332465277778,0.00953410193324089,0.9208823261325312,5654,11316,5,0.9950512548603747
monitor_0309,5.406705167843029e-05,0.003892672248184681,0.0073530301451683044,0.8765511065626199,0.9342150112482105,0.9912742332175926,0.006547561381012201,0.9167321288295365,5403,10672,2,0.8452023988005997
monitor_0310,8.50723881740123e-05,0.004902122542262077,0.009223469533026218,0.855996108002919,0.9224115334207077,0.9892939814814815,0.007160072214901447,0.9116702355460385,6829,13342,1,1.0002998051266676
monitor_0311,0.00015283990069292486,0.00761901680380106,0.012362843379378319,0.9403803950256036,0.9692742695570217,0.9764178240740741,0.00885406881570816,0.8702487562189055,11329,22338,7,0.9986569970453935
monitor_0312,5.877413059351966e-05,0.0039029137697070837,0.0076664285734295845,0.7887729399064412,0.8819151076242204,0.9893844039351852,0.007639346644282341,0.8940348954051338,5811,11408,1,1.0003506311360448
monitor_0313,5.9076559409732e-05,0.0037512844428420067,0.007686127908527851,0.9001803968731209,0.9474683544303798,0.9909939236111112,0.008399753831326962,0.9028482247366367,4820,9490,3,0.873972602739726
monitor_0314,6.858247797936201e-05,0.004501847084611654,0.008281453512609005,0.9135643643965586,0.954830034875415,0.9902795862268519,0.006774891167879105,0.9024766397532432,5539,11028,3,0.9980050779833152
monitor_0315,0.00010905189992627129,0.005677392240613699,0.010442791506648064,0.8034503271861987,0.8910146457316268,0.9850622106481481,0.008997342549264431,0.8943257523546979,6910,13816,1,1.0002895193977996
monitor_0316,3.036929774680175e-05,0.0031284319702535868,0.005510834511369467,0.8933236574746009,0.94365657339977,0.9933539496527778,0.005588020198047161,0.9231814381270903,4769,9512,1,1.0010513036164845
monitor_0317,2.800181755446829e-05,0.0028579174540936947,0.0052916742861270905,0.7059795176742649,0.8276529821843532,0.9919524016203703,0.006858118809759617,0.869283928833995,3044,6018,7,0.9571286141575274
monitor_0318,1.9788996723946184e-05,0.002511262893676758,0.004448482301086187,0.8074534161490683,0.8934707903780069,0.9943938078703703,0.005558263044804335,0.9230673780866112,4022,7912,5,0.8475733063700708
monitor_0319,7.20565949450247e-05,0.004489670041948557,0.008488615974783897,0.8150356448476993,0.8980932657287725,0.9870967158564815,0.008982469327747822,0.8818610812153324,5410,10644,4,0.9894776399849681
monitor_0320,8.627214992884547e-05,0.004712930414825678,0.00928828027099371,0.8959281164695178,0.9451076849241106,0.9917263454861112,0.007991094142198563,0.9145233769958887,5665,11128,1,1.0001797268152408
monitor_0321,7.742387242615223e-05,0.004290645010769367,0.008799083530902863,0.8402628755364807,0.913198746447052,0.9892306857638888,0.011154601350426674,0.856936936936937,3951,7822,5,0.9808233188442853
monitor_0322,7.596181967528537e-05,0.004229481797665358,0.008715608157217503,0.8317507912710311,0.9081484176064023,0.9908673321759259,0.007661091163754463,0.9175402393726785,5874,11672,4,0.9691569568197396
monitor_0323,3.505153290461749e-05,0.0030810118187218904,0.005920433439314365,0.7419680743584562,0.8518733325600278,0.9884530526620371,0.00694658188149333,0.8415632754342431,3261,6406,1,1.0
monitor_0324,0.00015269516734406352,0.0076411510817706585,0.012356988154351711,0.9525494377665762,0.9756981506764304,0.9734429253472222,0.008878815919160843,0.8837153867545986,12839,25376,1,1.0005517023959647
monitor_0325,3.400919013074599e-05,0.0030639052856713533,0.005831739865243435,0.8456512862392813,0.9163716814159292,0.99658203125,0.009116939269006252,0.9459382151029748,3114,6204,3,0.9887169568020632
monitor_0326,9.749599848873913e-05,0.005182989407330751,0.009874005801975727,0.9119972499140598,0.9539733908665947,0.9907407407407407,0.008214873261749744,0.9166327444435398,5879,11574,12,0.8040435458786936
monitor_0327,5.913749191677198e-05,0.004450024105608463,0.00769009068608284,0.874544792425346,0.9330743079164643,0.9875397858796297,0.006475509610027075,0.8879120879120879,6768,13384,1,1.0
monitor_0328,0.00019347966008353978,0.00843233522027731,0.013909696601331234,0.9508940015380671,0.9748289766521308,0.9722855179398148,0.011525233276188374,0.8533371664031432,11740,22560,1,1.001418439716312
monitor_0329,3.1682775443186983e-05,0.0029217766132205725,0.005628745537251234,0.8357260531889856,0.9105128205128206,0.9936885127314815,0.0063790022395551205,0.9194553427186707,3622,7112,3,0.9915635545556806
monitor_0330,3.386168464203365e-05,0.0029291382525116205,0.005819079466164112,0.4572545188080117,0.6275561515253101,0.9899540653935185,0.010511456057429314,0.8255886970172684,2870,5732,2,0.9958129797627355
monitor_0331,3.4652224712772295e-05,0.002891112817451358,0.005886613857001066,0.3675832127351664,0.5375661375661376,0.9960485387731481,0.010000193491578102,0.9321955003878976,1550,3012,8,0.6341301460823373
monitor_0332,2.593183126009535e-05,0.0027032664511352777,0.005092330742627382,0.7144522144522144,0.8334466349422162,0.9911385995370371,0.007169356569647789,0.8672626303670594,3669,7252,3,0.9983452840595698
monitor_0333,7.333302346523851e-05,0.0041698282584548,0.008563470095396042,0.9138152516641364,0.9549670490602881,0.9933268229166666,0.006615304388105869,0.9295282469423413,5453,10782,2,0.9773696902244482
monitor_0334,2.2092683138907887e-05,0.0026067933067679405,0.004700285382568836,0.9024038461538462,0.948698508971443,0.9963288483796297,0.006875438615679741,0.9341336794289422,3089,6172,1,1.0003240440699934
monitor_0335,3.719536107382737e-05,0.0032513185869902372,0.0060987998731434345,0.8114553153554713,0.8959153543307087,0.9923502604166666,0.005625022575259209,0.9108159392789373,4426,8676,9,0.9368372521899493
monitor_0336,7.569209265056998e-05,0.0043981787748634815,0.008700120262801647,0.9284613691393352,0.9629037781075219,0.9941225405092593,0.007051676046103239,0.9372758119243819,5320,10512,1,1.0001902587519025
monitor_0337,6.275055784499273e-05,0.004028049763292074,0.007921525277197361,0.8948364422816978,0.9444999286631474,0.9929651331018519,0.0076675014570355415,0.9287219422812644,5979,11738,1,1.000340773555972
monitor_0338,3.633507731137797e-05,0.003326710546389222,0.00602785823866725,0.6050925925925926,0.7539659648110758,0.9922869646990741,0.00714887073263526,0.8892063904403169,3296,6536,24,0.8053855569155447
monitor_0339,7.926146645331755e-05,0.00424289470538497,0.008902890607714653,0.8969169216286185,0.9456575682382135,0.9960394965277778,0.008528276346623898,0.9632211781347884,4433,8804,7,0.9166288050885961
monitor_0340,0.0009156032465398312,0.0141568249091506,0.030258936807513237,0.7367819376964847,0.848444956392957,0.9500325520833334,0.010986225679516792,0.9053888798304256,10887,21448,24,0.9621409921671018
monitor_0341,2.8509120966191404e-05,0.0026562821585685015,0.005339393392205238,0.7081576989833871,0.8291479169690812,0.9893572771990741,0.00646364176645875,0.8658077756242162,3831,7526,2,0.9989370183364337
monitor_0342,4.2573617974994704e-05,0.003185462672263384,0.00652484642341733,0.6258148631029987,0.7698476343223737,0.9922146267361112,0.007414849475026131,0.8599544567338973,3060,6116,2,0.9175931981687377
monitor_0343,6.109716923674569e-05,0.003946521319448948,0.007816467434167862,0.8482615703430808,0.9179020804783854,0.9880823206018519,0.00810168869793415,0.8951104729999202,6368,12560,1,1.0001592356687898
monitor_0344,4.0162431105272844e-05,0.0032932774629443884,0.006337383762001991,0.8383045525902669,0.9120409906063194,0.9944118923611112,0.005883827339857817,0.9327877795962902,4659,9240,3,0.9974025974025974
monitor_0345,4.049344715895131e-05,0.00302103441208601,0.006363446358591318,0.5182763744427935,0.6827167743198278,0.9853425202546297,0.008203946985304356,0.8016079158936302,4201,8300,2,0.8380722891566265
monitor_0346,2.5168879801640287e-05,0.0028210978489369154,0.005016859620809555,0.8441640378548896,0.9154977762572699,0.9955331307870371,0.0069274017587304115,0.9441050011314777,3783,7474,2,0.8747658549638747
monitor_0347,6.910081719979644e-05,0.0041916342452168465,0.008312690071761608,0.8558590941768511,0.9223319775324423,0.9927481192129629,0.007849577814340591,0.9252432634730539,5064,10018,3,0.998003593531643
monitor_0348,6.616015889449045e-05,0.0037999313790351152,0.00813388917595148,0.879838142153413,0.9360786148806738,0.9938241464120371,0.006962425075471401,0.9313766019016122,4863,9544,6,0.9857502095557418
monitor_0349,7.308264321181923e-05,0.004281713627278805,0.008548839017748833,0.8251034126163392,0.9041716835469934,0.9877658420138888,0.0073935529217123985,0.8905263157894737,6504,12988,1,1.0
monitor_0350,6.587021198356524e-05,0.00387045880779624,0.008116046898066998,0.46569224522939506,0.6354570637119114,0.9881004050925926,0.009364585392177105,0.8244091333956469,3431,6784,12,0.8266509433962265
monitor_0351,5.4230837122304365e-05,0.004001174122095108,0.007364158984273672,0.8939504906986964,0.9440061871616396,0.9934534143518519,0.007227565627545118,0.9361326746647848,5659,11174,1,1.0
monitor_0352,3.921355164493434e-05,0.003382655093446374,0.006262072362005711,0.889168765743073,0.9413333333333334,0.9944299768518519,0.007623899728059769,0.9162132752992383,4075,8128,2,0.9288877952755905
monitor_0353,3.341512638144195e-05,0.003125817747786641,0.005780581850558519,0.7724625623960066,0.8716263787843229,0.9950538917824074,0.007039121817797422,0.9244161945557552,4202,8440,1,1.0
monitor_0354,9.614603186491877e-05,0.004681241698563099,0.00980540830641985,0.7658050451572719,0.8673721340388008,0.9864004629629629,0.00787582527846098,0.8588599868532256,5407,10666,6,0.9804987811738234
monitor_0355,2.84404304693453e-05,0.002744391094893217,0.005332957021892071,0.8896473265073948,0.9416014449127031,0.9964916087962963,0.007394460495561361,0.9445714285714286,3317,6512,1,1.0
monitor_0356,4.75093511340674e-05,0.0034645632840692997,0.006892702542245388,0.8568878792795717,0.9229290457881859,0.9920247395833334,0.007563401944935322,0.9076305220883534,4914,9714,1,1.0002058884084826
monitor_0357,4.696338874055073e-05,0.0035766828805208206,0.006852983962744474,0.7662721893491125,0.8676716917922948,0.9907136140046297,0.007040711119771004,0.9055023923444976,5159,10308,1,1.0
monitor_0358,4.6427405322901905e-05,0.0037312861531972885,0.006813765969127417,0.7792122250032933,0.8759070042943877,0.9848451967592593,0.006172507535666227,0.8453874538745387,4677,9204,2,0.9991308126901347
monitor_0359,6.067061985959299e-05,0.004025711677968502,0.00778913451358676,0.9100013533631073,0.9528803231063558,0.9939869068287037,0.007119247689843178,0.9307458939219584,4807,9474,2,0.8661600168883259
monitor_0360,3.0448087272816338e-05,0.003132637357339263,0.005517978686839342,0.892660284305193,0.9432863274064991,0.9933087384259259,0.005593911278992891,0.9226669453443411,4763,9500,1,1.0010526315789474
monitor_0361,4.7510835429420695e-05,0.0034645895939320326,0.006892810575664043,0.8568878792795717,0.9229290457881859,0.9920247395833334,0.0075636692345142365,0.9076305220883534,4914,9714,1,1.0002058884084826
monitor_0362,8.383010572288185e-05,0.004859107546508312,0.009155877865850925,0.8937257306356019,0.943880854737751,0.9905960648148148,0.007223108317703009,0.9078585983875255,5822,11516,4,0.8247655435915249
monitor_0363,5.828818757436238e-05,0.003987703938037157,0.007634670007973909,0.8722673329169269,0.9317764804003336,0.9926034432870371,0.009191391989588737,0.9228295819935691,4214,8260,8,0.9002421307506053
monitor_0364,8.351485303137451e-05,0.005159912630915642,0.00913864653557539,0.798002468858714,0.887654475096742,0.9837239583333334,0.008408003486692905,0.8559308468064671,6136,12246,2,0.9998366813653438
monitor_0365,0.00010427671077195555,0.005585452076047659,0.010211597196757793,0.7856344610383014,0.8799499317250796,0.9809208622685185,0.00912503432482481,0.8643912044634067,7191,14042,5,0.998290841760433
monitor_0366,7.716431719018146e-05,0.005007868632674217,0.008784322068095207,0.8498554449084484,0.9188344389261279,0.9788682725694444,0.007562573999166489,0.8143845970244252,5718,10908,11,0.9812981298129813
monitor_0367,2.9688317226828076e-05,0.002838360844179988,0.005448698531836271,0.7236061684460261,0.8396421197522368,0.9915726273148148,0.007406131364405155,0.8858682341415626,4103,8106,5,0.9531211448309894
monitor_0368,3.0023969884496182e-05,0.0028533441945910454,0.0054794130846858025,0.8711421491326875,0.9311341199133156,0.9948278356481481,0.0063261669129133224,0.9155805687203792,3396,6720,1,1.0002976190476192
monitor_0369,5.123040682519786e-05,0.0035558370873332024,0.007157541811466217,0.917489270386266,0.9569693917520005,0.9930465133101852,0.006559112574905157,0.9279757391963609,4580,8978,2,0.9991089329472043
monitor_0370,2.6218527636956424e-05,0.002607325091958046,0.005120403133332729,0.3568818514007308,0.526032315978456,0.9952256944444444,0.006785861682146788,0.9257592800899888,1188,2336,14,0.5102739726027398
monitor_0371,3.184151864843443e-05,0.002931329421699047,0.005642828997224569,0.939906103286385,0.9690222652468539,0.9965277777777778,0.006647966336458921,0.9437197713615711,3479,6948,1,1.0002878526194587
monitor_0372,7.439047476509586e-05,0.004408249165862799,0.008624991402029991,0.811829944547135,0.8961436441542542,0.9907949942129629,0.007690816186368465,0.905223880597015,5065,9896,3,0.998181083265966
monitor_0373,6.034234684193507e-05,0.004005744121968746,0.007768033538013697,0.8743001866169021,0.9329350686295427,0.9914731626157407,0.007783439941704273,0.9148107912366468,5955,11772,1,1.0001698946653075
monitor_0374,6.643204687861726e-05,0.00443829782307148,0.008150585927069187,0.8205560235888796,0.901434521055067,0.9845920138888888,0.008644107729196548,0.8513867085295657,5534,10968,1,1.00072939460248
monitor_0375,0.00010778612340800464,0.006572982762008905,0.010382009670138359,0.9577210561636544,0.9784040000472819,0.9834798177083334,0.006867958232760429,0.9121127573600154,10170,19982,6,0.9984986487839055
monitor_0376,6.72882015351206e-05,0.0040734149515628815,0.008202938362956047,0.7174953959484346,0.8355136178425906,0.9861291956018519,0.0068035610020160675,0.8490900147565175,4058,8076,2,0.8405151064883606
monitor_0377,0.0001181467596325092,0.006487422622740269,0.010869533754885197,0.8975926767059152,0.9460330319824714,0.9734971788194444,0.00935252197086811,0.8216742770167428,8569,16720,1,1.000956937799043
monitor_0378,4.376187644083984e-05,0.0034981209319084883,0.0066152759827673435,0.8181818181818182,0.9,0.9906684027777778,0.00783853605389595,0.8988731014208721,4033,7910,10,0.97724399494311
monitor_0379,8.989052730612457e-05,0.0054329014383256435,0.00948106124997139,0.863346292085381,0.9266622052513482,0.983154296875,0.00844483356922865,0.8687196110210696,7027,14040,1,1.0
monitor_0380,6.016104089212604e-05,0.004129011183977127,0.007756354752928019,0.8558025242935329,0.9222991272946133,0.9883264612268519,0.008147122338414192,0.8900340715502555,5706,11276,1,1.0
monitor_0381,6.725310231558979e-05,0.004561491776257753,0.008200799115002155,0.9095646509608077,0.9526408550798795,0.9924678096064815,0.007166739087551832,0.9185569026202581,5174,10182,2,0.859752504419564
monitor_0382,5.149200660525821e-05,0.003629840910434723,0.007175792939960957,0.7088853559441795,0.8296464750878644,0.9850983796296297,0.008230123668909073,0.8374530353964801,4810,9492,2,0.989464812473662
monitor_0383,8.573859668103978e-05,0.004615212325006723,0.009259513579308987,0.7922654268808115,0.8840938568565028,0.9911114728009259,0.00896899588406086,0.9066348448687351,5240,10318,2,0.6819150998255475
monitor_0384,5.452691038954072e-05,0.003285355633124709,0.007384234108030796,0.7159309021113244,0.8344519015659956,0.9933087384259259,0.008716222830116749,0.8759768943255182,3423,6828,1,1.0005858230814295
monitor_0385,0.0001439876650692895,0.0056673982180655,0.01199948601424694,0.8781876408492468,0.9351436690874645,0.9814272280092593,0.00840054638683796,0.881531948670459,7301,14330,2,0.9997208653175157
monitor_0386,7.323484169319272e-05,0.004466583952307701,0.008557735942304134,0.89,0.9417989417989417,0.9908492476851852,0.00802533607929945,0.9135215976071083,5494,10838,5,0.8892784646613766
monitor_0387,5.502653948497027e-05,0.003795577445998788,0.0074179875664412975,0.842822774659182,0.9147084421235857,0.9929108796296297,0.010153260082006454,0.9101239669421488,4298,8596,1,1.0
monitor_0388,6.560309702763334e-05,0.00408182805404067,0.008099573664367199,0.8796489140136864,0.93597150771666,0.9926848234953703,0.007716712076216936,0.9266004917584919,5726,11290,2,0.9992914083259522
monitor_0389,8.191437518689781e-05,0.004402490798383951,0.009050656110048294,0.7792034660889852,0.875901470450501,0.9880190248842593,0.007573631126433611,0.8757540377505352,5204,10220,6,0.8767123287671232
monitor_0390,0.000154974521137774,0.007679748348891735,0.012448876164853573,0.9716072085325488,0.9855991643038352,0.9825484664351852,0.007349648512899876,0.9173270507603342,12377,23594,8,1.000508603882343
monitor_0391,4.2421321268193424e-05,0.003358198096975684,0.006513165310025215,0.8193619017829215,0.9007134874924783,0.9895562065972222,0.008304242044687271,0.8863187030446817,4226,8440,3,0.9943127962085309
monitor_0392,5.730371049139649e-05,0.0035209800116717815,0.00756992120295763,0.6499231163505894,0.7878223050636843,0.9876482928240741,0.009345419704914093,0.8544640954613254,4041,7946,6,0.9174427384847722
monitor_0393,5.578124546445906e-05,0.00375517550855875,0.007468684110790491,0.8957011980267794,0.9449814126394052,0.9946469907407407,0.007877528667449951,0.9342618384401115,4560,9018,1,1.0006653359946773
monitor_0394,0.0001271106011699885,0.006948701571673155,0.011274334043264389,0.9551967342319585,0.9770850344706405,0.9799533420138888,0.0071430448442697525,0.9010493413708417,11341,22384,2,1.0
monitor_0395,8.732140850042924e-05,0.004800948780030012,0.009344592690467834,0.8611773565959583,0.9254113838683572,0.9899992766203703,0.007920042611658573,0.9020230427288397,5285,10416,4,0.858678955453149
